<?xml version="1.0" encoding="UTF-8"?>
<!DOCTYPE mapper PUBLIC "-//mybatis.org//DTD Mapper 3.0//EN" "http://mybatis.org/dtd/mybatis-3-mapper.dtd">
<mapper namespace="com.aiarchitect.mapper.BaseDependencyInfoMapper">
    
    <resultMap id="BaseResultMap" type="com.aiarchitect.model.dependency.BaseDependencyInfo">
        <id column="id" property="id" jdbcType="BIGINT"/>
        <result column="file_analysis_id" property="fileAnalysisId" jdbcType="BIGINT"/>
        <result column="class_name" property="className" jdbcType="VARCHAR"/>
        <result column="package_name" property="packageName" jdbcType="VARCHAR"/>
        <result column="fully_qualified_name" property="fullyQualifiedName" jdbcType="VARCHAR"/>
        <result column="source_code" property="sourceCode" jdbcType="VARCHAR"/>
        <result column="file_path" property="filePath" jdbcType="VARCHAR"/>
        <result column="start_line" property="startLine" jdbcType="INTEGER"/>
        <result column="end_line" property="endLine" jdbcType="INTEGER"/>
        <result column="dependency_type" property="dependencyType" jdbcType="VARCHAR"/>
        <result column="confidence" property="confidence" jdbcType="DOUBLE"/>
        <result column="usage_context" property="usageContext" jdbcType="VARCHAR"/>
        <result column="resolved_from" property="resolvedFrom" jdbcType="VARCHAR"/>
        <result column="extractor_version" property="extractorVersion" jdbcType="VARCHAR"/>
        <result column="project_key" property="projectKey" jdbcType="VARCHAR"/>
        <result column="branch" property="branch" jdbcType="VARCHAR"/>
        <result column="created_at" property="createdAt" jdbcType="TIMESTAMP"/>
        <result column="updated_at" property="updatedAt" jdbcType="TIMESTAMP"/>
        <result column="dependency_sub_type" property="dependencySubType" jdbcType="VARCHAR"/>
        <result column="extension_data" property="extensionData" jdbcType="VARCHAR"/>
    </resultMap>
    
    <sql id="Base_Column_List">
        id, file_analysis_id, class_name, package_name, fully_qualified_name, source_code,
        file_path, start_line, end_line, dependency_type, confidence, usage_context,
        resolved_from, extractor_version, project_key, branch, created_at, updated_at,
        dependency_sub_type, extension_data
    </sql>
    
    <select id="findById" resultMap="BaseResultMap">
        SELECT <include refid="Base_Column_List"/>
        FROM base_dependency_info
        WHERE id = #{id}
    </select>
    
    <select id="findByFileAnalysisId" resultMap="BaseResultMap">
        SELECT <include refid="Base_Column_List"/>
        FROM base_dependency_info
        WHERE file_analysis_id = #{fileAnalysisId}
    </select>
    
    <select id="findByProjectAndBranch" resultMap="BaseResultMap">
        SELECT <include refid="Base_Column_List"/>
        FROM base_dependency_info
        WHERE project_key = #{projectKey}
          AND branch = #{branch}
    </select>
    
    <select id="findByFileAnalysisIdAndSubType" resultMap="BaseResultMap">
        SELECT <include refid="Base_Column_List"/>
        FROM base_dependency_info
        WHERE file_analysis_id = #{fileAnalysisId}
          AND dependency_sub_type = #{subType}
    </select>
    
    <insert id="insert" parameterType="com.aiarchitect.model.dependency.BaseDependencyInfo" useGeneratedKeys="true" keyProperty="id">
        INSERT INTO base_dependency_info (
            file_analysis_id, class_name, package_name, fully_qualified_name, source_code,
            file_path, start_line, end_line, dependency_type, confidence, usage_context,
            resolved_from, extractor_version, project_key, branch, created_at, updated_at,
            dependency_sub_type, extension_data
        ) VALUES (
            #{fileAnalysisId}, #{className}, #{packageName}, #{fullyQualifiedName}, #{sourceCode},
            #{filePath}, #{startLine}, #{endLine}, #{dependencyType}, #{confidence}, #{usageContext},
            #{resolvedFrom}, #{extractorVersion}, #{projectKey}, #{branch}, #{createdAt}, #{updatedAt},
            #{dependencySubType}, #{extensionData}
        )
    </insert>
    
    <update id="update" parameterType="com.aiarchitect.model.dependency.BaseDependencyInfo">
        UPDATE base_dependency_info
        SET class_name = #{className},
            package_name = #{packageName},
            fully_qualified_name = #{fullyQualifiedName},
            source_code = #{sourceCode},
            file_path = #{filePath},
            start_line = #{startLine},
            end_line = #{endLine},
            dependency_type = #{dependencyType},
            confidence = #{confidence},
            usage_context = #{usageContext},
            resolved_from = #{resolvedFrom},
            extractor_version = #{extractorVersion},
            updated_at = #{updatedAt},
            extension_data = #{extensionData}
        WHERE id = #{id}
    </update>
    
    <delete id="deleteById">
        DELETE FROM base_dependency_info WHERE id = #{id}
    </delete>
    
    <delete id="deleteByFileAnalysisId">
        DELETE FROM base_dependency_info WHERE file_analysis_id = #{fileAnalysisId}
    </delete>
    
    <delete id="deleteByProjectAndBranch">
        DELETE FROM base_dependency_info
        WHERE project_key = #{projectKey}
          AND branch = #{branch}
    </delete>
    
</mapper>