<?xml version="1.0" encoding="UTF-8"?>
<!DOCTYPE mapper PUBLIC "-//mybatis.org//DTD Mapper 3.0//EN" "http://mybatis.org/dtd/mybatis-3-mapper.dtd">
<mapper namespace="com.aiarchitect.mapper.FileAnalysisResultMapper">
    
    <resultMap id="BaseResultMap" type="com.aiarchitect.model.analysis.FileAnalysisResult">
        <id column="id" property="id" jdbcType="BIGINT"/>
        <result column="file_path" property="filePath" jdbcType="VARCHAR"/>
        <result column="file_name" property="fileName" jdbcType="VARCHAR"/>
        <result column="package_name" property="packageName" jdbcType="VARCHAR"/>
        <result column="main_class_name" property="mainClassName" jdbcType="VARCHAR"/>
        <result column="class_type" property="classType" jdbcType="VARCHAR"/>
        <result column="analysis_time" property="analysisTime" jdbcType="TIMESTAMP"/>
        <result column="analyzer_version" property="analyzerVersion" jdbcType="VARCHAR"/>
        <result column="file_size" property="fileSize" jdbcType="BIGINT"/>
        <result column="line_count" property="lineCount" jdbcType="INTEGER"/>
        <result column="parse_time_ms" property="parseTimeMs" jdbcType="BIGINT"/>
        <result column="extract_time_ms" property="extractTimeMs" jdbcType="BIGINT"/>
        <result column="all_resolve_time_ms" property="allResolveTimeMs" jdbcType="BIGINT"/>
        <result column="max_memory_used" property="maxMemoryUsed" jdbcType="BIGINT"/>
        <result column="checksum" property="checksum" jdbcType="VARCHAR"/>
        <result column="version" property="version" jdbcType="VARCHAR"/>
        <result column="dependency_count" property="dependencyCount" jdbcType="INTEGER"/>
        <result column="error_count" property="errorCount" jdbcType="INTEGER"/>
        <result column="project_key" property="projectKey" jdbcType="VARCHAR"/>
        <result column="branch" property="branch" jdbcType="VARCHAR"/>
        <result column="created_at" property="createdAt" jdbcType="TIMESTAMP"/>
        <result column="updated_at" property="updatedAt" jdbcType="TIMESTAMP"/>
    </resultMap>
    
    <sql id="Base_Column_List">
        id, file_path, file_name, package_name, main_class_name, class_type,
        analysis_time, analyzer_version, file_size, line_count, parse_time_ms, extract_time_ms,
        all_resolve_time_ms, max_memory_used, checksum, version, dependency_count, error_count,
        project_key, branch, created_at, updated_at
    </sql>
    
    <select id="findById" resultMap="BaseResultMap">
        SELECT <include refid="Base_Column_List"/>
        FROM file_analysis_result
        WHERE id = #{id}
    </select>
    
    <select id="findByFilePathAndProject" resultMap="BaseResultMap">
        SELECT <include refid="Base_Column_List"/>
        FROM file_analysis_result
        WHERE file_path = #{filePath}
          AND project_key = #{projectKey}
          AND branch = #{branch}
    </select>
    
    <select id="findByProjectAndBranch" resultMap="BaseResultMap">
        SELECT <include refid="Base_Column_List"/>
        FROM file_analysis_result
        WHERE project_key = #{projectKey}
          AND branch = #{branch}
    </select>
    
    <insert id="insert" parameterType="com.aiarchitect.model.analysis.FileAnalysisResult" useGeneratedKeys="true" keyProperty="id">
        INSERT INTO file_analysis_result (
            file_path, file_name, package_name, main_class_name, class_type,
            analysis_time, analyzer_version, file_size, line_count, parse_time_ms, extract_time_ms,
            all_resolve_time_ms, max_memory_used, checksum, version, dependency_count, error_count,
            project_key, branch, created_at, updated_at
        ) VALUES (
            #{filePath}, #{fileName}, #{packageName}, #{mainClassName}, #{classType},
            #{analysisTime}, #{analyzerVersion}, #{fileSize}, #{lineCount}, #{parseTimeMs}, #{extractTimeMs},
            #{allResolveTimeMs}, #{maxMemoryUsed}, #{checksum}, #{version}, #{dependencyCount}, #{errorCount},
            #{projectKey}, #{branch}, #{createdAt}, #{updatedAt}
        )
    </insert>
    
    <update id="update" parameterType="com.aiarchitect.model.analysis.FileAnalysisResult">
        UPDATE file_analysis_result
        SET file_path = #{filePath},
            file_name = #{fileName},
            package_name = #{packageName},
            main_class_name = #{mainClassName},
            class_type = #{classType},
            analysis_time = #{analysisTime},
            analyzer_version = #{analyzerVersion},
            file_size = #{fileSize},
            line_count = #{lineCount},
            parse_time_ms = #{parseTimeMs},
            extract_time_ms = #{extractTimeMs},
            all_resolve_time_ms = #{allResolveTimeMs},
            max_memory_used = #{maxMemoryUsed},
            checksum = #{checksum},
            version = #{version},
            dependency_count = #{dependencyCount},
            error_count = #{errorCount},
            updated_at = #{updatedAt}
        WHERE id = #{id}
    </update>
    
    <delete id="deleteById">
        DELETE FROM file_analysis_result WHERE id = #{id}
    </delete>
    
    <delete id="deleteByProjectAndBranch">
        DELETE FROM file_analysis_result
        WHERE project_key = #{projectKey}
          AND branch = #{branch}
    </delete>
    
</mapper>