<?xml version="1.0" encoding="UTF-8"?>
<!DOCTYPE mapper PUBLIC "-//mybatis.org//DTD Mapper 3.0//EN" "http://mybatis.org/dtd/mybatis-3-mapper.dtd">
<mapper namespace="com.aiarchitect.mapper.ProjectAnalysisResultMapper">
    
    <resultMap id="BaseResultMap" type="com.aiarchitect.model.analysis.ProjectAnalysisResult">
        <id column="id" property="id" jdbcType="BIGINT"/>
        <result column="project_path" property="projectPath" jdbcType="VARCHAR"/>
        <result column="project_key" property="projectKey" jdbcType="VARCHAR"/>
        <result column="branch" property="branch" jdbcType="VARCHAR"/>
        <result column="analysis_start_time" property="analysisStartTime" jdbcType="TIMESTAMP"/>
        <result column="analysis_end_time" property="analysisEndTime" jdbcType="TIMESTAMP"/>
        <result column="total_analysis_time_ms" property="totalAnalysisTimeMs" jdbcType="BIGINT"/>
        <result column="analyzer_version" property="analyzerVersion" jdbcType="VARCHAR"/>
        <result column="total_file_count" property="totalFileCount" jdbcType="INTEGER"/>
        <result column="analyzed_file_count" property="analyzedFileCount" jdbcType="INTEGER"/>
        <result column="success_file_count" property="successFileCount" jdbcType="INTEGER"/>
        <result column="failed_file_count" property="failedFileCount" jdbcType="INTEGER"/>
        <result column="skipped_file_count" property="skippedFileCount" jdbcType="INTEGER"/>
        <result column="total_file_size" property="totalFileSize" jdbcType="BIGINT"/>
        <result column="total_line_count" property="totalLineCount" jdbcType="INTEGER"/>
        <result column="total_dependency_count" property="totalDependencyCount" jdbcType="INTEGER"/>
        <result column="total_error_count" property="totalErrorCount" jdbcType="INTEGER"/>
        <result column="total_class_count" property="totalClassCount" jdbcType="INTEGER"/>
        <result column="max_memory_used" property="maxMemoryUsed" jdbcType="BIGINT"/>
        <result column="avg_file_analysis_time_ms" property="avgFileAnalysisTimeMs" jdbcType="BIGINT"/>
        <result column="analysis_speed" property="analysisSpeed" jdbcType="DOUBLE"/>
        <result column="status" property="status" jdbcType="VARCHAR"/>
        <result column="progress_percentage" property="progressPercentage" jdbcType="DOUBLE"/>
        <result column="current_analyzing_file" property="currentAnalyzingFile" jdbcType="VARCHAR"/>
        <result column="error_message" property="errorMessage" jdbcType="VARCHAR"/>
        <result column="file_errors" property="fileErrors" jdbcType="LONGVARCHAR" typeHandler="com.aiarchitect.util.JsonTypeHandler"/>
        <result column="created_at" property="createdAt" jdbcType="TIMESTAMP"/>
        <result column="updated_at" property="updatedAt" jdbcType="TIMESTAMP"/>
    </resultMap>
    
    <sql id="Base_Column_List">
        id, project_path, project_key, branch, analysis_start_time, analysis_end_time,
        total_analysis_time_ms, analyzer_version, total_file_count, analyzed_file_count,
        success_file_count, failed_file_count, skipped_file_count, total_file_size,
        total_line_count, total_dependency_count, total_error_count, total_class_count,
        max_memory_used, avg_file_analysis_time_ms, analysis_speed, status,
        progress_percentage, current_analyzing_file, error_message, file_errors,
        created_at, updated_at
    </sql>
    
    <insert id="insert" parameterType="com.aiarchitect.model.analysis.ProjectAnalysisResult" useGeneratedKeys="true" keyProperty="id">
        INSERT INTO project_analysis_result (
            project_path, project_key, branch, analysis_start_time, analysis_end_time,
            total_analysis_time_ms, analyzer_version, total_file_count, analyzed_file_count,
            success_file_count, failed_file_count, skipped_file_count, total_file_size,
            total_line_count, total_dependency_count, total_error_count, total_class_count,
            max_memory_used, avg_file_analysis_time_ms, analysis_speed, status,
            progress_percentage, current_analyzing_file, error_message, file_errors,
            created_at, updated_at
        ) VALUES (
            #{projectPath}, #{projectKey}, #{branch}, #{analysisStartTime}, #{analysisEndTime},
            #{totalAnalysisTimeMs}, #{analyzerVersion}, #{totalFileCount}, #{analyzedFileCount},
            #{successFileCount}, #{failedFileCount}, #{skippedFileCount}, #{totalFileSize},
            #{totalLineCount}, #{totalDependencyCount}, #{totalErrorCount}, #{totalClassCount},
            #{maxMemoryUsed}, #{avgFileAnalysisTimeMs}, #{analysisSpeed}, #{status},
            #{progressPercentage}, #{currentAnalyzingFile}, #{errorMessage}, 
            #{fileErrors, typeHandler=com.aiarchitect.util.JsonTypeHandler},
            #{createdAt}, #{updatedAt}
        )
    </insert>
    
    <select id="findById" parameterType="java.lang.Long" resultMap="BaseResultMap">
        SELECT <include refid="Base_Column_List"/>
        FROM project_analysis_result
        WHERE id = #{id}
    </select>
    
    <select id="findByProjectPathAndKey" resultMap="BaseResultMap">
        SELECT <include refid="Base_Column_List"/>
        FROM project_analysis_result
        WHERE project_path = #{projectPath}
        AND project_key = #{projectKey}
        AND branch = #{branch}
        ORDER BY analysis_start_time DESC
        LIMIT 1
    </select>
    
    <select id="findByProjectAndBranch" resultMap="BaseResultMap">
        SELECT <include refid="Base_Column_List"/>
        FROM project_analysis_result
        WHERE project_key = #{projectKey}
        AND branch = #{branch}
        ORDER BY analysis_start_time DESC
    </select>
    
    <select id="findRecentAnalysis" resultMap="BaseResultMap">
        SELECT <include refid="Base_Column_List"/>
        FROM project_analysis_result
        ORDER BY analysis_start_time DESC
        LIMIT #{limit}
    </select>
    
    <select id="findByStatus" resultMap="BaseResultMap">
        SELECT <include refid="Base_Column_List"/>
        FROM project_analysis_result
        WHERE status = #{status}
        ORDER BY analysis_start_time DESC
    </select>
    
    <update id="update" parameterType="com.aiarchitect.model.analysis.ProjectAnalysisResult">
        UPDATE project_analysis_result SET
            analysis_end_time = #{analysisEndTime},
            total_analysis_time_ms = #{totalAnalysisTimeMs},
            analyzer_version = #{analyzerVersion},
            total_file_count = #{totalFileCount},
            analyzed_file_count = #{analyzedFileCount},
            success_file_count = #{successFileCount},
            failed_file_count = #{failedFileCount},
            skipped_file_count = #{skippedFileCount},
            total_file_size = #{totalFileSize},
            total_line_count = #{totalLineCount},
            total_dependency_count = #{totalDependencyCount},
            total_error_count = #{totalErrorCount},
            total_class_count = #{totalClassCount},
            max_memory_used = #{maxMemoryUsed},
            avg_file_analysis_time_ms = #{avgFileAnalysisTimeMs},
            analysis_speed = #{analysisSpeed},
            status = #{status},
            progress_percentage = #{progressPercentage},
            current_analyzing_file = #{currentAnalyzingFile},
            error_message = #{errorMessage},
            file_errors = #{fileErrors, typeHandler=com.aiarchitect.util.JsonTypeHandler},
            updated_at = #{updatedAt}
        WHERE id = #{id}
    </update>
    
    <delete id="deleteById" parameterType="java.lang.Long">
        DELETE FROM project_analysis_result WHERE id = #{id}
    </delete>
    
    <delete id="deleteByProjectAndBranch">
        DELETE FROM project_analysis_result 
        WHERE project_key = #{projectKey} AND branch = #{branch}
    </delete>
    
    <delete id="deleteOldAnalysis">
        DELETE FROM project_analysis_result 
        WHERE analysis_start_time &lt; #{beforeDate}
    </delete>
    
    <select id="countByProjectAndBranch" resultType="java.lang.Integer">
        SELECT COUNT(*) FROM project_analysis_result
        WHERE project_key = #{projectKey} AND branch = #{branch}
    </select>
    
    <select id="getProjectAnalysisStats" resultType="com.aiarchitect.mapper.ProjectAnalysisResultMapper$ProjectAnalysisStats">
        SELECT 
            #{projectKey} as projectKey,
            #{branch} as branch,
            COUNT(*) as totalAnalysisCount,
            SUM(CASE WHEN status IN ('COMPLETED', 'COMPLETED_WITH_ERRORS') THEN 1 ELSE 0 END) as successAnalysisCount,
            SUM(CASE WHEN status = 'FAILED' THEN 1 ELSE 0 END) as failedAnalysisCount,
            AVG(total_analysis_time_ms) as avgAnalysisTimeMs,
            AVG(total_file_count) as avgFileCount,
            AVG(total_dependency_count) as avgDependencyCount,
            MAX(analysis_start_time) as lastAnalysisTime
        FROM project_analysis_result
        WHERE project_key = #{projectKey} AND branch = #{branch}
    </select>
    
</mapper>
