"filename", "language", "JavaScript", "TypeScript", "Less", "TypeScript JSX", "Markdown", "JavaScript JSX", "JSON", "comment", "blank", "total"
"e:\WorkSpace\Netease\theaiarchitect\FrontAIArchitect\CodeGraph\micro-index\source\__mock__\localStorage.js", "JavaScript", 20, 0, 0, 0, 0, 0, 0, 0, 2, 22
"e:\WorkSpace\Netease\theaiarchitect\FrontAIArchitect\CodeGraph\micro-index\source\__mock__\rAF.js", "JavaScript", 14, 0, 0, 0, 0, 0, 0, 5, 7, 26
"e:\WorkSpace\Netease\theaiarchitect\FrontAIArchitect\CodeGraph\micro-index\source\actions\actionTypes.js", "JavaScript", 1, 0, 0, 0, 0, 0, 0, 0, 1, 2
"e:\WorkSpace\Netease\theaiarchitect\FrontAIArchitect\CodeGraph\micro-index\source\actions\actions.js", "JavaScript", 7, 0, 0, 0, 0, 0, 0, 2, 2, 11
"e:\WorkSpace\Netease\theaiarchitect\FrontAIArchitect\CodeGraph\micro-index\source\app.js", "JavaScript", 22, 0, 0, 0, 0, 0, 0, 2, 4, 28
"e:\WorkSpace\Netease\theaiarchitect\FrontAIArchitect\CodeGraph\micro-index\source\appRoutes.js", "JavaScript", 5, 0, 0, 0, 0, 0, 0, 24, 3, 32
"e:\WorkSpace\Netease\theaiarchitect\FrontAIArchitect\CodeGraph\micro-index\source\assets\css\common\color.less", "Less", 0, 0, 15, 0, 0, 0, 0, 0, 6, 21
"e:\WorkSpace\Netease\theaiarchitect\FrontAIArchitect\CodeGraph\micro-index\source\assets\css\common\index.less", "Less", 0, 0, 4, 0, 0, 0, 0, 1, 1, 6
"e:\WorkSpace\Netease\theaiarchitect\FrontAIArchitect\CodeGraph\micro-index\source\assets\css\common\main.less", "Less", 0, 0, 44, 0, 0, 0, 0, 4, 11, 59
"e:\WorkSpace\Netease\theaiarchitect\FrontAIArchitect\CodeGraph\micro-index\source\assets\css\common\mixin.less", "Less", 0, 0, 107, 0, 0, 0, 0, 17, 24, 148
"e:\WorkSpace\Netease\theaiarchitect\FrontAIArchitect\CodeGraph\micro-index\source\assets\css\common\reset.less", "Less", 0, 0, 313, 0, 0, 0, 0, 8, 4, 325
"e:\WorkSpace\Netease\theaiarchitect\FrontAIArchitect\CodeGraph\micro-index\source\assets\css\lib\ppfish-theme-vars.less", "Less", 0, 0, 0, 0, 0, 0, 0, 1, 1, 2
"e:\WorkSpace\Netease\theaiarchitect\FrontAIArchitect\CodeGraph\micro-index\source\config\constants.js", "JavaScript", 13, 0, 0, 0, 0, 0, 0, 28, 6, 47
"e:\WorkSpace\Netease\theaiarchitect\FrontAIArchitect\CodeGraph\micro-index\source\config\dev.js", "JavaScript", 9, 0, 0, 0, 0, 0, 0, 4, 1, 14
"e:\WorkSpace\Netease\theaiarchitect\FrontAIArchitect\CodeGraph\micro-index\source\config\envConfig.js", "JavaScript", 133, 0, 0, 0, 0, 0, 0, 1, 2, 136
"e:\WorkSpace\Netease\theaiarchitect\FrontAIArchitect\CodeGraph\micro-index\source\config\index.js", "JavaScript", 39, 0, 0, 0, 0, 0, 0, 3, 3, 45
"e:\WorkSpace\Netease\theaiarchitect\FrontAIArchitect\CodeGraph\micro-index\source\config\prod.js", "JavaScript", 8, 0, 0, 0, 0, 0, 0, 3, 1, 12
"e:\WorkSpace\Netease\theaiarchitect\FrontAIArchitect\CodeGraph\micro-index\source\constants\default.js", "JavaScript", 0, 0, 0, 0, 0, 0, 0, 0, 1, 1
"e:\WorkSpace\Netease\theaiarchitect\FrontAIArchitect\CodeGraph\micro-index\source\constants\index.js", "JavaScript", 2, 0, 0, 0, 0, 0, 0, 5, 1, 8
"e:\WorkSpace\Netease\theaiarchitect\FrontAIArchitect\CodeGraph\micro-index\source\constants\limit.js", "JavaScript", 28, 0, 0, 0, 0, 0, 0, 3, 1, 32
"e:\WorkSpace\Netease\theaiarchitect\FrontAIArchitect\CodeGraph\micro-index\source\constants\map.js", "JavaScript", 5, 0, 0, 0, 0, 0, 0, 4, 2, 11
"e:\WorkSpace\Netease\theaiarchitect\FrontAIArchitect\CodeGraph\micro-index\source\middleware\promise.js", "JavaScript", 69, 0, 0, 0, 0, 0, 0, 8, 18, 95
"e:\WorkSpace\Netease\theaiarchitect\FrontAIArchitect\CodeGraph\micro-index\source\pages\Root.dev.js", "JavaScript", 26, 0, 0, 0, 0, 0, 0, 0, 4, 30
"e:\WorkSpace\Netease\theaiarchitect\FrontAIArchitect\CodeGraph\micro-index\source\pages\Root.js", "JavaScript", 5, 0, 0, 0, 0, 0, 0, 0, 1, 6
"e:\WorkSpace\Netease\theaiarchitect\FrontAIArchitect\CodeGraph\micro-index\source\pages\Root.prod.js", "JavaScript", 22, 0, 0, 0, 0, 0, 0, 0, 3, 25
"e:\WorkSpace\Netease\theaiarchitect\FrontAIArchitect\CodeGraph\micro-index\source\pages\index\App.js", "JavaScript", 17, 0, 0, 0, 0, 0, 0, 0, 6, 23
"e:\WorkSpace\Netease\theaiarchitect\FrontAIArchitect\CodeGraph\micro-index\source\pages\index\App.less", "Less", 0, 0, 14, 0, 0, 0, 0, 0, 2, 16
"e:\WorkSpace\Netease\theaiarchitect\FrontAIArchitect\CodeGraph\micro-index\source\pages\index\actions\actionTypes.js", "JavaScript", 7, 0, 0, 0, 0, 0, 0, 0, 1, 8
"e:\WorkSpace\Netease\theaiarchitect\FrontAIArchitect\CodeGraph\micro-index\source\pages\index\actions\index.js", "JavaScript", 111, 0, 0, 0, 0, 0, 0, 0, 3, 114
"e:\WorkSpace\Netease\theaiarchitect\FrontAIArchitect\CodeGraph\micro-index\source\pages\index\components\AppBox\index.js", "JavaScript", 163, 0, 0, 0, 0, 0, 0, 14, 15, 192
"e:\WorkSpace\Netease\theaiarchitect\FrontAIArchitect\CodeGraph\micro-index\source\pages\index\components\AppList\index.js", "JavaScript", 94, 0, 0, 0, 0, 0, 0, 2, 9, 105
"e:\WorkSpace\Netease\theaiarchitect\FrontAIArchitect\CodeGraph\micro-index\source\pages\index\components\Banner\index.js", "JavaScript", 46, 0, 0, 0, 0, 0, 0, 1, 6, 53
"e:\WorkSpace\Netease\theaiarchitect\FrontAIArchitect\CodeGraph\micro-index\source\pages\index\components\ErrorBoundary.js", "JavaScript", 14, 0, 0, 0, 0, 0, 0, 1, 5, 20
"e:\WorkSpace\Netease\theaiarchitect\FrontAIArchitect\CodeGraph\micro-index\source\pages\index\components\Experience\index.less", "Less", 0, 0, 35, 0, 0, 0, 0, 0, 7, 42
"e:\WorkSpace\Netease\theaiarchitect\FrontAIArchitect\CodeGraph\micro-index\source\pages\index\components\Experience\index.tsx", "TypeScript JSX", 0, 0, 0, 65, 0, 0, 0, 0, 11, 76
"e:\WorkSpace\Netease\theaiarchitect\FrontAIArchitect\CodeGraph\micro-index\source\pages\index\components\FeatsIntro\index.less", "Less", 0, 0, 37, 0, 0, 0, 0, 0, 6, 43
"e:\WorkSpace\Netease\theaiarchitect\FrontAIArchitect\CodeGraph\micro-index\source\pages\index\components\FeatsIntro\index.tsx", "TypeScript JSX", 0, 0, 0, 58, 0, 0, 0, 0, 12, 70
"e:\WorkSpace\Netease\theaiarchitect\FrontAIArchitect\CodeGraph\micro-index\source\pages\index\components\Home\index.js", "JavaScript", 331, 0, 0, 0, 0, 0, 0, 30, 26, 387
"e:\WorkSpace\Netease\theaiarchitect\FrontAIArchitect\CodeGraph\micro-index\source\pages\index\components\Home\index.less", "Less", 0, 0, 360, 0, 0, 0, 0, 6, 64, 430
"e:\WorkSpace\Netease\theaiarchitect\FrontAIArchitect\CodeGraph\micro-index\source\pages\index\components\NotFound\doc.md", "Markdown", 0, 0, 0, 0, 34, 0, 0, 0, 6, 40
"e:\WorkSpace\Netease\theaiarchitect\FrontAIArchitect\CodeGraph\micro-index\source\pages\index\components\NotFound\index.js", "JavaScript", 17, 0, 0, 0, 0, 0, 0, 0, 4, 21
"e:\WorkSpace\Netease\theaiarchitect\FrontAIArchitect\CodeGraph\micro-index\source\pages\index\components\NotFound\index.less", "Less", 0, 0, 28, 0, 0, 0, 0, 0, 1, 29
"e:\WorkSpace\Netease\theaiarchitect\FrontAIArchitect\CodeGraph\micro-index\source\pages\index\components\Notice\index.js", "JavaScript", 91, 0, 0, 0, 0, 0, 0, 4, 11, 106
"e:\WorkSpace\Netease\theaiarchitect\FrontAIArchitect\CodeGraph\micro-index\source\pages\index\components\QuickStart\index.less", "Less", 0, 0, 21, 0, 0, 0, 0, 0, 4, 25
"e:\WorkSpace\Netease\theaiarchitect\FrontAIArchitect\CodeGraph\micro-index\source\pages\index\components\QuickStart\index.tsx", "TypeScript JSX", 0, 0, 0, 58, 0, 0, 0, 1, 11, 70
"e:\WorkSpace\Netease\theaiarchitect\FrontAIArchitect\CodeGraph\micro-index\source\pages\index\container\AppList\index.js", "JavaScript", 13, 0, 0, 0, 0, 0, 0, 0, 4, 17
"e:\WorkSpace\Netease\theaiarchitect\FrontAIArchitect\CodeGraph\micro-index\source\pages\index\container\Guide\components\GuideCard\index.jsx", "JavaScript JSX", 0, 0, 0, 0, 0, 114, 0, 2, 4, 120
"e:\WorkSpace\Netease\theaiarchitect\FrontAIArchitect\CodeGraph\micro-index\source\pages\index\container\Guide\components\GuideCard\index.less", "Less", 0, 0, 83, 0, 0, 0, 0, 0, 1, 84
"e:\WorkSpace\Netease\theaiarchitect\FrontAIArchitect\CodeGraph\micro-index\source\pages\index\container\Guide\components\ToolBox\index.jsx", "JavaScript JSX", 0, 0, 0, 0, 0, 60, 0, 0, 6, 66
"e:\WorkSpace\Netease\theaiarchitect\FrontAIArchitect\CodeGraph\micro-index\source\pages\index\container\Guide\components\ToolBox\index.less", "Less", 0, 0, 92, 0, 0, 0, 0, 0, 1, 93
"e:\WorkSpace\Netease\theaiarchitect\FrontAIArchitect\CodeGraph\micro-index\source\pages\index\container\Guide\config.js", "JavaScript", 242, 0, 0, 0, 0, 0, 0, 0, 1, 243
"e:\WorkSpace\Netease\theaiarchitect\FrontAIArchitect\CodeGraph\micro-index\source\pages\index\container\Guide\index.jsx", "JavaScript JSX", 0, 0, 0, 0, 0, 68, 0, 1, 3, 72
"e:\WorkSpace\Netease\theaiarchitect\FrontAIArchitect\CodeGraph\micro-index\source\pages\index\container\Guide\index.less", "Less", 0, 0, 71, 0, 0, 0, 0, 0, 1, 72
"e:\WorkSpace\Netease\theaiarchitect\FrontAIArchitect\CodeGraph\micro-index\source\pages\index\container\Home\index.js", "JavaScript", 13, 0, 0, 0, 0, 0, 0, 0, 4, 17
"e:\WorkSpace\Netease\theaiarchitect\FrontAIArchitect\CodeGraph\micro-index\source\pages\index\container\TrialGuide\DiscoverCC\index.less", "Less", 0, 0, 3, 0, 0, 0, 0, 0, 1, 4
"e:\WorkSpace\Netease\theaiarchitect\FrontAIArchitect\CodeGraph\micro-index\source\pages\index\container\TrialGuide\DiscoverCC\index.tsx", "TypeScript JSX", 0, 0, 0, 36, 0, 0, 0, 0, 6, 42
"e:\WorkSpace\Netease\theaiarchitect\FrontAIArchitect\CodeGraph\micro-index\source\pages\index\container\TrialGuide\DiscoverOnline\index.less", "Less", 0, 0, 3, 0, 0, 0, 0, 0, 1, 4
"e:\WorkSpace\Netease\theaiarchitect\FrontAIArchitect\CodeGraph\micro-index\source\pages\index\container\TrialGuide\DiscoverOnline\index.tsx", "TypeScript JSX", 0, 0, 0, 36, 0, 0, 0, 0, 6, 42
"e:\WorkSpace\Netease\theaiarchitect\FrontAIArchitect\CodeGraph\micro-index\source\pages\index\container\TrialGuide\DiscoverQiyu\index.less", "Less", 0, 0, 3, 0, 0, 0, 0, 0, 1, 4
"e:\WorkSpace\Netease\theaiarchitect\FrontAIArchitect\CodeGraph\micro-index\source\pages\index\container\TrialGuide\DiscoverQiyu\index.tsx", "TypeScript JSX", 0, 0, 0, 34, 0, 0, 0, 0, 7, 41
"e:\WorkSpace\Netease\theaiarchitect\FrontAIArchitect\CodeGraph\micro-index\source\pages\index\container\TrialGuide\DiscoverRobot\index.less", "Less", 0, 0, 3, 0, 0, 0, 0, 0, 1, 4
"e:\WorkSpace\Netease\theaiarchitect\FrontAIArchitect\CodeGraph\micro-index\source\pages\index\container\TrialGuide\DiscoverRobot\index.tsx", "TypeScript JSX", 0, 0, 0, 36, 0, 0, 0, 0, 6, 42
"e:\WorkSpace\Netease\theaiarchitect\FrontAIArchitect\CodeGraph\micro-index\source\pages\index\container\TrialGuide\DiscoverWorksheet\index.less", "Less", 0, 0, 3, 0, 0, 0, 0, 0, 1, 4
"e:\WorkSpace\Netease\theaiarchitect\FrontAIArchitect\CodeGraph\micro-index\source\pages\index\container\TrialGuide\DiscoverWorksheet\index.tsx", "TypeScript JSX", 0, 0, 0, 35, 0, 0, 0, 0, 6, 41
"e:\WorkSpace\Netease\theaiarchitect\FrontAIArchitect\CodeGraph\micro-index\source\pages\index\container\TrialGuide\ExperienceCall\index.less", "Less", 0, 0, 3, 0, 0, 0, 0, 0, 1, 4
"e:\WorkSpace\Netease\theaiarchitect\FrontAIArchitect\CodeGraph\micro-index\source\pages\index\container\TrialGuide\ExperienceCall\index.tsx", "TypeScript JSX", 0, 0, 0, 35, 0, 0, 0, 0, 5, 40
"e:\WorkSpace\Netease\theaiarchitect\FrontAIArchitect\CodeGraph\micro-index\source\pages\index\container\TrialGuide\ExperienceRobot\index.less", "Less", 0, 0, 36, 0, 0, 0, 0, 0, 7, 43
"e:\WorkSpace\Netease\theaiarchitect\FrontAIArchitect\CodeGraph\micro-index\source\pages\index\container\TrialGuide\ExperienceRobot\index.tsx", "TypeScript JSX", 0, 0, 0, 83, 0, 0, 0, 0, 11, 94
"e:\WorkSpace\Netease\theaiarchitect\FrontAIArchitect\CodeGraph\micro-index\source\pages\index\container\TrialGuide\ExperienceSession\index.less", "Less", 0, 0, 3, 0, 0, 0, 0, 0, 1, 4
"e:\WorkSpace\Netease\theaiarchitect\FrontAIArchitect\CodeGraph\micro-index\source\pages\index\container\TrialGuide\ExperienceSession\index.tsx", "TypeScript JSX", 0, 0, 0, 47, 0, 0, 0, 0, 7, 54
"e:\WorkSpace\Netease\theaiarchitect\FrontAIArchitect\CodeGraph\micro-index\source\pages\index\container\TrialGuide\MoreCC\index.less", "Less", 0, 0, 4, 0, 0, 0, 0, 0, 1, 5
"e:\WorkSpace\Netease\theaiarchitect\FrontAIArchitect\CodeGraph\micro-index\source\pages\index\container\TrialGuide\MoreCC\index.tsx", "TypeScript JSX", 0, 0, 0, 68, 0, 0, 0, 0, 8, 76
"e:\WorkSpace\Netease\theaiarchitect\FrontAIArchitect\CodeGraph\micro-index\source\pages\index\container\TrialGuide\MoreOnline\index.less", "Less", 0, 0, 4, 0, 0, 0, 0, 0, 1, 5
"e:\WorkSpace\Netease\theaiarchitect\FrontAIArchitect\CodeGraph\micro-index\source\pages\index\container\TrialGuide\MoreOnline\index.tsx", "TypeScript JSX", 0, 0, 0, 59, 0, 0, 0, 0, 8, 67
"e:\WorkSpace\Netease\theaiarchitect\FrontAIArchitect\CodeGraph\micro-index\source\pages\index\container\TrialGuide\MoreRobot\index.less", "Less", 0, 0, 4, 0, 0, 0, 0, 0, 1, 5
"e:\WorkSpace\Netease\theaiarchitect\FrontAIArchitect\CodeGraph\micro-index\source\pages\index\container\TrialGuide\MoreRobot\index.tsx", "TypeScript JSX", 0, 0, 0, 59, 0, 0, 0, 0, 8, 67
"e:\WorkSpace\Netease\theaiarchitect\FrontAIArchitect\CodeGraph\micro-index\source\pages\index\container\TrialGuide\index.less", "Less", 0, 0, 52, 0, 0, 0, 0, 1, 9, 62
"e:\WorkSpace\Netease\theaiarchitect\FrontAIArchitect\CodeGraph\micro-index\source\pages\index\container\TrialGuide\index.tsx", "TypeScript JSX", 0, 0, 0, 385, 0, 0, 0, 9, 25, 419
"e:\WorkSpace\Netease\theaiarchitect\FrontAIArchitect\CodeGraph\micro-index\source\pages\index\entry.js", "JavaScript", 26, 0, 0, 0, 0, 0, 0, 5, 6, 37
"e:\WorkSpace\Netease\theaiarchitect\FrontAIArchitect\CodeGraph\micro-index\source\pages\index\index.js", "JavaScript", 5, 0, 0, 0, 0, 0, 0, 0, 2, 7
"e:\WorkSpace\Netease\theaiarchitect\FrontAIArchitect\CodeGraph\micro-index\source\pages\index\qxy\components\VideoList\index.less", "Less", 0, 0, 70, 0, 0, 0, 0, 0, 10, 80
"e:\WorkSpace\Netease\theaiarchitect\FrontAIArchitect\CodeGraph\micro-index\source\pages\index\qxy\components\VideoList\index.tsx", "TypeScript JSX", 0, 0, 0, 43, 0, 0, 0, 0, 6, 49
"e:\WorkSpace\Netease\theaiarchitect\FrontAIArchitect\CodeGraph\micro-index\source\pages\index\qxy\components\VideoModal\index.less", "Less", 0, 0, 54, 0, 0, 0, 0, 1, 7, 62
"e:\WorkSpace\Netease\theaiarchitect\FrontAIArchitect\CodeGraph\micro-index\source\pages\index\qxy\components\VideoModal\index.tsx", "TypeScript JSX", 0, 0, 0, 42, 0, 0, 0, 0, 7, 49
"e:\WorkSpace\Netease\theaiarchitect\FrontAIArchitect\CodeGraph\micro-index\source\pages\index\qxy\data\course.json", "JSON", 0, 0, 0, 0, 0, 0, 1122, 0, 0, 1122
"e:\WorkSpace\Netease\theaiarchitect\FrontAIArchitect\CodeGraph\micro-index\source\pages\index\qxy\index.less", "Less", 0, 0, 86, 0, 0, 0, 0, 1, 16, 103
"e:\WorkSpace\Netease\theaiarchitect\FrontAIArchitect\CodeGraph\micro-index\source\pages\index\qxy\index.tsx", "TypeScript JSX", 0, 0, 0, 88, 0, 0, 0, 1, 11, 100
"e:\WorkSpace\Netease\theaiarchitect\FrontAIArchitect\CodeGraph\micro-index\source\pages\index\qxy\store\index.ts", "TypeScript", 0, 46, 0, 0, 0, 0, 0, 0, 6, 52
"e:\WorkSpace\Netease\theaiarchitect\FrontAIArchitect\CodeGraph\micro-index\source\pages\index\reducers\initialState.js", "JavaScript", 9, 0, 0, 0, 0, 0, 0, 4, 1, 14
"e:\WorkSpace\Netease\theaiarchitect\FrontAIArchitect\CodeGraph\micro-index\source\pages\index\reducers\reducer.js", "JavaScript", 51, 0, 0, 0, 0, 0, 0, 0, 9, 60
"e:\WorkSpace\Netease\theaiarchitect\FrontAIArchitect\CodeGraph\micro-index\source\pages\index\reducers\rootReducer.js", "JavaScript", 10, 0, 0, 0, 0, 0, 0, 0, 3, 13
"e:\WorkSpace\Netease\theaiarchitect\FrontAIArchitect\CodeGraph\micro-index\source\pages\index\routes.js", "JavaScript", 46, 0, 0, 0, 0, 0, 0, 1, 4, 51
"e:\WorkSpace\Netease\theaiarchitect\FrontAIArchitect\CodeGraph\micro-index\source\pages\index\services.js", "JavaScript", 50, 0, 0, 0, 0, 0, 0, 0, 4, 54
"e:\WorkSpace\Netease\theaiarchitect\FrontAIArchitect\CodeGraph\micro-index\source\pages\index\view.js", "JavaScript", 13, 0, 0, 0, 0, 0, 0, 0, 4, 17
"e:\WorkSpace\Netease\theaiarchitect\FrontAIArchitect\CodeGraph\micro-index\source\reducers\initialState.js", "JavaScript", 11, 0, 0, 0, 0, 0, 0, 7, 2, 20
"e:\WorkSpace\Netease\theaiarchitect\FrontAIArchitect\CodeGraph\micro-index\source\reducers\reducer.js", "JavaScript", 12, 0, 0, 0, 0, 0, 0, 2, 2, 16
"e:\WorkSpace\Netease\theaiarchitect\FrontAIArchitect\CodeGraph\micro-index\source\store\configureStore.dev.js", "JavaScript", 16, 0, 0, 0, 0, 0, 0, 8, 6, 30
"e:\WorkSpace\Netease\theaiarchitect\FrontAIArchitect\CodeGraph\micro-index\source\store\configureStore.js", "JavaScript", 5, 0, 0, 0, 0, 0, 0, 0, 1, 6
"e:\WorkSpace\Netease\theaiarchitect\FrontAIArchitect\CodeGraph\micro-index\source\store\configureStore.prod.js", "JavaScript", 10, 0, 0, 0, 0, 0, 0, 0, 2, 12
"e:\WorkSpace\Netease\theaiarchitect\FrontAIArchitect\CodeGraph\micro-index\source\typings\index.d.ts", "TypeScript", 0, 7, 0, 0, 0, 0, 0, 0, 1, 8
"e:\WorkSpace\Netease\theaiarchitect\FrontAIArchitect\CodeGraph\micro-index\source\utils\DevTools.js", "JavaScript", 9, 0, 0, 0, 0, 0, 0, 1, 2, 12
"e:\WorkSpace\Netease\theaiarchitect\FrontAIArchitect\CodeGraph\micro-index\source\utils\ajax.js", "JavaScript", 124, 0, 0, 0, 0, 0, 0, 27, 8, 159
"e:\WorkSpace\Netease\theaiarchitect\FrontAIArchitect\CodeGraph\micro-index\source\utils\cli.js", "JavaScript", 80, 0, 0, 0, 0, 0, 0, 23, 9, 112
"e:\WorkSpace\Netease\theaiarchitect\FrontAIArchitect\CodeGraph\micro-index\source\utils\getWindowVar.js", "JavaScript", 90, 0, 0, 0, 0, 0, 0, 39, 20, 149
"e:\WorkSpace\Netease\theaiarchitect\FrontAIArchitect\CodeGraph\micro-index\source\utils\iframeWrapper.js", "JavaScript", 67, 0, 0, 0, 0, 0, 0, 44, 8, 119
"e:\WorkSpace\Netease\theaiarchitect\FrontAIArchitect\CodeGraph\micro-index\source\utils\index.js", "JavaScript", 31, 0, 0, 0, 0, 0, 0, 6, 2, 39
"e:\WorkSpace\Netease\theaiarchitect\FrontAIArchitect\CodeGraph\micro-index\source\utils\publicPath.js", "JavaScript", 52, 0, 0, 0, 0, 0, 0, 28, 9, 89
"e:\WorkSpace\Netease\theaiarchitect\FrontAIArchitect\CodeGraph\micro-index\source\utils\type2type.js", "JavaScript", 26, 0, 0, 0, 0, 0, 0, 21, 7, 54
"e:\WorkSpace\Netease\theaiarchitect\FrontAIArchitect\CodeGraph\micro-index\source\utils\webpackPublicPath.js", "JavaScript", 5, 0, 0, 0, 0, 0, 0, 4, 2, 11
"e:\WorkSpace\Netease\theaiarchitect\FrontAIArchitect\CodeGraph\micro-index\source\vendor\js\lib\napm-web-min-1.1.6.js", "JavaScript", 1, 0, 0, 0, 0, 0, 0, 0, 0, 1
"Total", "-", 2336, 53, 1555, 1267, 34, 242, 1122, 418, 651, 7678