{"file:///e%3A/WorkSpace/Netease/theaiarchitect/FrontAIArchitect/CodeGraph/micro-index/source/__mock__/rAF.js":{"language":"JavaScript","code":14,"comment":5,"blank":7},"file:///e%3A/WorkSpace/Netease/theaiarchitect/FrontAIArchitect/CodeGraph/micro-index/source/__mock__/localStorage.js":{"language":"JavaScript","code":20,"comment":0,"blank":2},"file:///e%3A/WorkSpace/Netease/theaiarchitect/FrontAIArchitect/CodeGraph/micro-index/source/utils/webpackPublicPath.js":{"language":"JavaScript","code":5,"comment":4,"blank":2},"file:///e%3A/WorkSpace/Netease/theaiarchitect/FrontAIArchitect/CodeGraph/micro-index/source/utils/type2type.js":{"language":"JavaScript","code":26,"comment":21,"blank":7},"file:///e%3A/WorkSpace/Netease/theaiarchitect/FrontAIArchitect/CodeGraph/micro-index/source/vendor/js/lib/napm-web-min-1.1.6.js":{"language":"JavaScript","code":1,"comment":0,"blank":0},"file:///e%3A/WorkSpace/Netease/theaiarchitect/FrontAIArchitect/CodeGraph/micro-index/source/utils/publicPath.js":{"language":"JavaScript","code":52,"comment":28,"blank":9},"file:///e%3A/WorkSpace/Netease/theaiarchitect/FrontAIArchitect/CodeGraph/micro-index/source/utils/index.js":{"language":"JavaScript","code":31,"comment":6,"blank":2},"file:///e%3A/WorkSpace/Netease/theaiarchitect/FrontAIArchitect/CodeGraph/micro-index/source/utils/iframeWrapper.js":{"language":"JavaScript","code":67,"comment":44,"blank":8},"file:///e%3A/WorkSpace/Netease/theaiarchitect/FrontAIArchitect/CodeGraph/micro-index/source/typings/index.d.ts":{"language":"TypeScript","code":7,"comment":0,"blank":1},"file:///e%3A/WorkSpace/Netease/theaiarchitect/FrontAIArchitect/CodeGraph/micro-index/source/utils/getWindowVar.js":{"language":"JavaScript","code":90,"comment":39,"blank":20},"file:///e%3A/WorkSpace/Netease/theaiarchitect/FrontAIArchitect/CodeGraph/micro-index/source/utils/DevTools.js":{"language":"JavaScript","code":9,"comment":1,"blank":2},"file:///e%3A/WorkSpace/Netease/theaiarchitect/FrontAIArchitect/CodeGraph/micro-index/source/store/configureStore.prod.js":{"language":"JavaScript","code":10,"comment":0,"blank":2},"file:///e%3A/WorkSpace/Netease/theaiarchitect/FrontAIArchitect/CodeGraph/micro-index/source/utils/cli.js":{"language":"JavaScript","code":80,"comment":23,"blank":9},"file:///e%3A/WorkSpace/Netease/theaiarchitect/FrontAIArchitect/CodeGraph/micro-index/source/store/configureStore.js":{"language":"JavaScript","code":5,"comment":0,"blank":1},"file:///e%3A/WorkSpace/Netease/theaiarchitect/FrontAIArchitect/CodeGraph/micro-index/source/utils/ajax.js":{"language":"JavaScript","code":124,"comment":27,"blank":8},"file:///e%3A/WorkSpace/Netease/theaiarchitect/FrontAIArchitect/CodeGraph/micro-index/source/reducers/reducer.js":{"language":"JavaScript","code":12,"comment":2,"blank":2},"file:///e%3A/WorkSpace/Netease/theaiarchitect/FrontAIArchitect/CodeGraph/micro-index/source/store/configureStore.dev.js":{"language":"JavaScript","code":16,"comment":8,"blank":6},"file:///e%3A/WorkSpace/Netease/theaiarchitect/FrontAIArchitect/CodeGraph/micro-index/source/reducers/initialState.js":{"language":"JavaScript","code":11,"comment":7,"blank":2},"file:///e%3A/WorkSpace/Netease/theaiarchitect/FrontAIArchitect/CodeGraph/micro-index/source/app.js":{"language":"JavaScript","code":22,"comment":2,"blank":4},"file:///e%3A/WorkSpace/Netease/theaiarchitect/FrontAIArchitect/CodeGraph/micro-index/source/appRoutes.js":{"language":"JavaScript","code":5,"comment":24,"blank":3},"file:///e%3A/WorkSpace/Netease/theaiarchitect/FrontAIArchitect/CodeGraph/micro-index/source/pages/Root.js":{"language":"JavaScript","code":5,"comment":0,"blank":1},"file:///e%3A/WorkSpace/Netease/theaiarchitect/FrontAIArchitect/CodeGraph/micro-index/source/pages/Root.dev.js":{"language":"JavaScript","code":26,"comment":0,"blank":4},"file:///e%3A/WorkSpace/Netease/theaiarchitect/FrontAIArchitect/CodeGraph/micro-index/source/pages/index/services.js":{"language":"JavaScript","code":50,"comment":0,"blank":4},"file:///e%3A/WorkSpace/Netease/theaiarchitect/FrontAIArchitect/CodeGraph/micro-index/source/pages/Root.prod.js":{"language":"JavaScript","code":22,"comment":0,"blank":3},"file:///e%3A/WorkSpace/Netease/theaiarchitect/FrontAIArchitect/CodeGraph/micro-index/source/pages/index/view.js":{"language":"JavaScript","code":13,"comment":0,"blank":4},"file:///e%3A/WorkSpace/Netease/theaiarchitect/FrontAIArchitect/CodeGraph/micro-index/source/pages/index/entry.js":{"language":"JavaScript","code":26,"comment":5,"blank":6},"file:///e%3A/WorkSpace/Netease/theaiarchitect/FrontAIArchitect/CodeGraph/micro-index/source/pages/index/index.js":{"language":"JavaScript","code":5,"comment":0,"blank":2},"file:///e%3A/WorkSpace/Netease/theaiarchitect/FrontAIArchitect/CodeGraph/micro-index/source/pages/index/App.js":{"language":"JavaScript","code":17,"comment":0,"blank":6},"file:///e%3A/WorkSpace/Netease/theaiarchitect/FrontAIArchitect/CodeGraph/micro-index/source/pages/index/App.less":{"language":"Less","code":14,"comment":0,"blank":2},"file:///e%3A/WorkSpace/Netease/theaiarchitect/FrontAIArchitect/CodeGraph/micro-index/source/pages/index/routes.js":{"language":"JavaScript","code":46,"comment":1,"blank":4},"file:///e%3A/WorkSpace/Netease/theaiarchitect/FrontAIArchitect/CodeGraph/micro-index/source/pages/index/reducers/rootReducer.js":{"language":"JavaScript","code":10,"comment":0,"blank":3},"file:///e%3A/WorkSpace/Netease/theaiarchitect/FrontAIArchitect/CodeGraph/micro-index/source/pages/index/reducers/reducer.js":{"language":"JavaScript","code":51,"comment":0,"blank":9},"file:///e%3A/WorkSpace/Netease/theaiarchitect/FrontAIArchitect/CodeGraph/micro-index/source/pages/index/reducers/initialState.js":{"language":"JavaScript","code":9,"comment":4,"blank":1},"file:///e%3A/WorkSpace/Netease/theaiarchitect/FrontAIArchitect/CodeGraph/micro-index/source/pages/index/actions/actionTypes.js":{"language":"JavaScript","code":7,"comment":0,"blank":1},"file:///e%3A/WorkSpace/Netease/theaiarchitect/FrontAIArchitect/CodeGraph/micro-index/source/pages/index/actions/index.js":{"language":"JavaScript","code":111,"comment":0,"blank":3},"file:///e%3A/WorkSpace/Netease/theaiarchitect/FrontAIArchitect/CodeGraph/micro-index/source/config/constants.js":{"language":"JavaScript","code":13,"comment":28,"blank":6},"file:///e%3A/WorkSpace/Netease/theaiarchitect/FrontAIArchitect/CodeGraph/micro-index/source/config/dev.js":{"language":"JavaScript","code":9,"comment":4,"blank":1},"file:///e%3A/WorkSpace/Netease/theaiarchitect/FrontAIArchitect/CodeGraph/micro-index/source/actions/actionTypes.js":{"language":"JavaScript","code":1,"comment":0,"blank":1},"file:///e%3A/WorkSpace/Netease/theaiarchitect/FrontAIArchitect/CodeGraph/micro-index/source/config/index.js":{"language":"JavaScript","code":39,"comment":3,"blank":3},"file:///e%3A/WorkSpace/Netease/theaiarchitect/FrontAIArchitect/CodeGraph/micro-index/source/config/prod.js":{"language":"JavaScript","code":8,"comment":3,"blank":1},"file:///e%3A/WorkSpace/Netease/theaiarchitect/FrontAIArchitect/CodeGraph/micro-index/source/actions/actions.js":{"language":"JavaScript","code":7,"comment":2,"blank":2},"file:///e%3A/WorkSpace/Netease/theaiarchitect/FrontAIArchitect/CodeGraph/micro-index/source/config/envConfig.js":{"language":"JavaScript","code":133,"comment":1,"blank":2},"file:///e%3A/WorkSpace/Netease/theaiarchitect/FrontAIArchitect/CodeGraph/micro-index/source/middleware/promise.js":{"language":"JavaScript","code":69,"comment":8,"blank":18},"file:///e%3A/WorkSpace/Netease/theaiarchitect/FrontAIArchitect/CodeGraph/micro-index/source/constants/limit.js":{"language":"JavaScript","code":28,"comment":3,"blank":1},"file:///e%3A/WorkSpace/Netease/theaiarchitect/FrontAIArchitect/CodeGraph/micro-index/source/constants/map.js":{"language":"JavaScript","code":5,"comment":4,"blank":2},"file:///e%3A/WorkSpace/Netease/theaiarchitect/FrontAIArchitect/CodeGraph/micro-index/source/constants/index.js":{"language":"JavaScript","code":2,"comment":5,"blank":1},"file:///e%3A/WorkSpace/Netease/theaiarchitect/FrontAIArchitect/CodeGraph/micro-index/source/pages/index/components/ErrorBoundary.js":{"language":"JavaScript","code":14,"comment":1,"blank":5},"file:///e%3A/WorkSpace/Netease/theaiarchitect/FrontAIArchitect/CodeGraph/micro-index/source/pages/index/qxy/components/VideoModal/index.tsx":{"language":"TypeScript JSX","code":42,"comment":0,"blank":7},"file:///e%3A/WorkSpace/Netease/theaiarchitect/FrontAIArchitect/CodeGraph/micro-index/source/pages/index/container/TrialGuide/MoreRobot/index.less":{"language":"Less","code":4,"comment":0,"blank":1},"file:///e%3A/WorkSpace/Netease/theaiarchitect/FrontAIArchitect/CodeGraph/micro-index/source/pages/index/qxy/components/VideoList/index.tsx":{"language":"TypeScript JSX","code":43,"comment":0,"blank":6},"file:///e%3A/WorkSpace/Netease/theaiarchitect/FrontAIArchitect/CodeGraph/micro-index/source/pages/index/qxy/components/VideoList/index.less":{"language":"Less","code":70,"comment":0,"blank":10},"file:///e%3A/WorkSpace/Netease/theaiarchitect/FrontAIArchitect/CodeGraph/micro-index/source/constants/default.js":{"language":"JavaScript","code":0,"comment":0,"blank":1},"file:///e%3A/WorkSpace/Netease/theaiarchitect/FrontAIArchitect/CodeGraph/micro-index/source/pages/index/qxy/components/VideoModal/index.less":{"language":"Less","code":54,"comment":1,"blank":7},"file:///e%3A/WorkSpace/Netease/theaiarchitect/FrontAIArchitect/CodeGraph/micro-index/source/pages/index/container/TrialGuide/MoreRobot/index.tsx":{"language":"TypeScript JSX","code":59,"comment":0,"blank":8},"file:///e%3A/WorkSpace/Netease/theaiarchitect/FrontAIArchitect/CodeGraph/micro-index/source/pages/index/container/TrialGuide/index.less":{"language":"Less","code":52,"comment":1,"blank":9},"file:///e%3A/WorkSpace/Netease/theaiarchitect/FrontAIArchitect/CodeGraph/micro-index/source/pages/index/container/TrialGuide/index.tsx":{"language":"TypeScript JSX","code":385,"comment":9,"blank":25},"file:///e%3A/WorkSpace/Netease/theaiarchitect/FrontAIArchitect/CodeGraph/micro-index/source/assets/css/common/color.less":{"language":"Less","code":15,"comment":0,"blank":6},"file:///e%3A/WorkSpace/Netease/theaiarchitect/FrontAIArchitect/CodeGraph/micro-index/source/assets/css/common/main.less":{"language":"Less","code":44,"comment":4,"blank":11},"file:///e%3A/WorkSpace/Netease/theaiarchitect/FrontAIArchitect/CodeGraph/micro-index/source/assets/css/common/index.less":{"language":"Less","code":4,"comment":1,"blank":1},"file:///e%3A/WorkSpace/Netease/theaiarchitect/FrontAIArchitect/CodeGraph/micro-index/source/assets/css/lib/ppfish-theme-vars.less":{"language":"Less","code":0,"comment":1,"blank":1},"file:///e%3A/WorkSpace/Netease/theaiarchitect/FrontAIArchitect/CodeGraph/micro-index/source/assets/css/common/reset.less":{"language":"Less","code":313,"comment":8,"blank":4},"file:///e%3A/WorkSpace/Netease/theaiarchitect/FrontAIArchitect/CodeGraph/micro-index/source/pages/index/container/TrialGuide/MoreOnline/index.tsx":{"language":"TypeScript JSX","code":59,"comment":0,"blank":8},"file:///e%3A/WorkSpace/Netease/theaiarchitect/FrontAIArchitect/CodeGraph/micro-index/source/assets/css/common/mixin.less":{"language":"Less","code":107,"comment":17,"blank":24},"file:///e%3A/WorkSpace/Netease/theaiarchitect/FrontAIArchitect/CodeGraph/micro-index/source/pages/index/container/TrialGuide/MoreOnline/index.less":{"language":"Less","code":4,"comment":0,"blank":1},"file:///e%3A/WorkSpace/Netease/theaiarchitect/FrontAIArchitect/CodeGraph/micro-index/source/pages/index/components/FeatsIntro/index.tsx":{"language":"TypeScript JSX","code":58,"comment":0,"blank":12},"file:///e%3A/WorkSpace/Netease/theaiarchitect/FrontAIArchitect/CodeGraph/micro-index/source/pages/index/components/FeatsIntro/index.less":{"language":"Less","code":37,"comment":0,"blank":6},"file:///e%3A/WorkSpace/Netease/theaiarchitect/FrontAIArchitect/CodeGraph/micro-index/source/pages/index/container/TrialGuide/MoreCC/index.tsx":{"language":"TypeScript JSX","code":68,"comment":0,"blank":8},"file:///e%3A/WorkSpace/Netease/theaiarchitect/FrontAIArchitect/CodeGraph/micro-index/source/pages/index/components/Notice/index.js":{"language":"JavaScript","code":91,"comment":4,"blank":11},"file:///e%3A/WorkSpace/Netease/theaiarchitect/FrontAIArchitect/CodeGraph/micro-index/source/pages/index/container/TrialGuide/MoreCC/index.less":{"language":"Less","code":4,"comment":0,"blank":1},"file:///e%3A/WorkSpace/Netease/theaiarchitect/FrontAIArchitect/CodeGraph/micro-index/source/pages/index/components/QuickStart/index.tsx":{"language":"TypeScript JSX","code":58,"comment":1,"blank":11},"file:///e%3A/WorkSpace/Netease/theaiarchitect/FrontAIArchitect/CodeGraph/micro-index/source/pages/index/components/QuickStart/index.less":{"language":"Less","code":21,"comment":0,"blank":4},"file:///e%3A/WorkSpace/Netease/theaiarchitect/FrontAIArchitect/CodeGraph/micro-index/source/pages/index/container/TrialGuide/ExperienceSession/index.less":{"language":"Less","code":3,"comment":0,"blank":1},"file:///e%3A/WorkSpace/Netease/theaiarchitect/FrontAIArchitect/CodeGraph/micro-index/source/pages/index/container/TrialGuide/ExperienceSession/index.tsx":{"language":"TypeScript JSX","code":47,"comment":0,"blank":7},"file:///e%3A/WorkSpace/Netease/theaiarchitect/FrontAIArchitect/CodeGraph/micro-index/source/pages/index/components/NotFound/index.less":{"language":"Less","code":28,"comment":0,"blank":1},"file:///e%3A/WorkSpace/Netease/theaiarchitect/FrontAIArchitect/CodeGraph/micro-index/source/pages/index/components/NotFound/index.js":{"language":"JavaScript","code":17,"comment":0,"blank":4},"file:///e%3A/WorkSpace/Netease/theaiarchitect/FrontAIArchitect/CodeGraph/micro-index/source/pages/index/components/NotFound/doc.md":{"language":"Markdown","code":34,"comment":0,"blank":6},"file:///e%3A/WorkSpace/Netease/theaiarchitect/FrontAIArchitect/CodeGraph/micro-index/source/pages/index/components/Home/index.less":{"language":"Less","code":360,"comment":6,"blank":64},"file:///e%3A/WorkSpace/Netease/theaiarchitect/FrontAIArchitect/CodeGraph/micro-index/source/pages/index/components/Banner/index.js":{"language":"JavaScript","code":46,"comment":1,"blank":6},"file:///e%3A/WorkSpace/Netease/theaiarchitect/FrontAIArchitect/CodeGraph/micro-index/source/pages/index/components/Experience/index.less":{"language":"Less","code":35,"comment":0,"blank":7},"file:///e%3A/WorkSpace/Netease/theaiarchitect/FrontAIArchitect/CodeGraph/micro-index/source/pages/index/components/Home/index.js":{"language":"JavaScript","code":331,"comment":30,"blank":26},"file:///e%3A/WorkSpace/Netease/theaiarchitect/FrontAIArchitect/CodeGraph/micro-index/source/pages/index/components/AppBox/index.js":{"language":"JavaScript","code":163,"comment":14,"blank":15},"file:///e%3A/WorkSpace/Netease/theaiarchitect/FrontAIArchitect/CodeGraph/micro-index/source/pages/index/components/Experience/index.tsx":{"language":"TypeScript JSX","code":65,"comment":0,"blank":11},"file:///e%3A/WorkSpace/Netease/theaiarchitect/FrontAIArchitect/CodeGraph/micro-index/source/pages/index/container/Home/index.js":{"language":"JavaScript","code":13,"comment":0,"blank":4},"file:///e%3A/WorkSpace/Netease/theaiarchitect/FrontAIArchitect/CodeGraph/micro-index/source/pages/index/components/AppList/index.js":{"language":"JavaScript","code":94,"comment":2,"blank":9},"file:///e%3A/WorkSpace/Netease/theaiarchitect/FrontAIArchitect/CodeGraph/micro-index/source/pages/index/qxy/index.tsx":{"language":"TypeScript JSX","code":88,"comment":1,"blank":11},"file:///e%3A/WorkSpace/Netease/theaiarchitect/FrontAIArchitect/CodeGraph/micro-index/source/pages/index/qxy/index.less":{"language":"Less","code":86,"comment":1,"blank":16},"file:///e%3A/WorkSpace/Netease/theaiarchitect/FrontAIArchitect/CodeGraph/micro-index/source/pages/index/container/TrialGuide/ExperienceRobot/index.tsx":{"language":"TypeScript JSX","code":83,"comment":0,"blank":11},"file:///e%3A/WorkSpace/Netease/theaiarchitect/FrontAIArchitect/CodeGraph/micro-index/source/pages/index/container/TrialGuide/ExperienceRobot/index.less":{"language":"Less","code":36,"comment":0,"blank":7},"file:///e%3A/WorkSpace/Netease/theaiarchitect/FrontAIArchitect/CodeGraph/micro-index/source/pages/index/container/TrialGuide/ExperienceCall/index.less":{"language":"Less","code":3,"comment":0,"blank":1},"file:///e%3A/WorkSpace/Netease/theaiarchitect/FrontAIArchitect/CodeGraph/micro-index/source/pages/index/container/Guide/index.jsx":{"language":"JavaScript JSX","code":68,"comment":1,"blank":3},"file:///e%3A/WorkSpace/Netease/theaiarchitect/FrontAIArchitect/CodeGraph/micro-index/source/pages/index/container/Guide/index.less":{"language":"Less","code":71,"comment":0,"blank":1},"file:///e%3A/WorkSpace/Netease/theaiarchitect/FrontAIArchitect/CodeGraph/micro-index/source/pages/index/container/Guide/config.js":{"language":"JavaScript","code":242,"comment":0,"blank":1},"file:///e%3A/WorkSpace/Netease/theaiarchitect/FrontAIArchitect/CodeGraph/micro-index/source/pages/index/container/AppList/index.js":{"language":"JavaScript","code":13,"comment":0,"blank":4},"file:///e%3A/WorkSpace/Netease/theaiarchitect/FrontAIArchitect/CodeGraph/micro-index/source/pages/index/container/TrialGuide/ExperienceCall/index.tsx":{"language":"TypeScript JSX","code":35,"comment":0,"blank":5},"file:///e%3A/WorkSpace/Netease/theaiarchitect/FrontAIArchitect/CodeGraph/micro-index/source/pages/index/qxy/store/index.ts":{"language":"TypeScript","code":46,"comment":0,"blank":6},"file:///e%3A/WorkSpace/Netease/theaiarchitect/FrontAIArchitect/CodeGraph/micro-index/source/pages/index/container/TrialGuide/DiscoverRobot/index.tsx":{"language":"TypeScript JSX","code":36,"comment":0,"blank":6},"file:///e%3A/WorkSpace/Netease/theaiarchitect/FrontAIArchitect/CodeGraph/micro-index/source/pages/index/container/TrialGuide/DiscoverRobot/index.less":{"language":"Less","code":3,"comment":0,"blank":1},"file:///e%3A/WorkSpace/Netease/theaiarchitect/FrontAIArchitect/CodeGraph/micro-index/source/pages/index/qxy/data/course.json":{"language":"JSON","code":1122,"comment":0,"blank":0},"file:///e%3A/WorkSpace/Netease/theaiarchitect/FrontAIArchitect/CodeGraph/micro-index/source/pages/index/container/Guide/components/ToolBox/index.less":{"language":"Less","code":92,"comment":0,"blank":1},"file:///e%3A/WorkSpace/Netease/theaiarchitect/FrontAIArchitect/CodeGraph/micro-index/source/pages/index/container/TrialGuide/DiscoverCC/index.tsx":{"language":"TypeScript JSX","code":36,"comment":0,"blank":6},"file:///e%3A/WorkSpace/Netease/theaiarchitect/FrontAIArchitect/CodeGraph/micro-index/source/pages/index/container/TrialGuide/DiscoverCC/index.less":{"language":"Less","code":3,"comment":0,"blank":1},"file:///e%3A/WorkSpace/Netease/theaiarchitect/FrontAIArchitect/CodeGraph/micro-index/source/pages/index/container/TrialGuide/DiscoverQiyu/index.tsx":{"language":"TypeScript JSX","code":34,"comment":0,"blank":7},"file:///e%3A/WorkSpace/Netease/theaiarchitect/FrontAIArchitect/CodeGraph/micro-index/source/pages/index/container/Guide/components/ToolBox/index.jsx":{"language":"JavaScript JSX","code":60,"comment":0,"blank":6},"file:///e%3A/WorkSpace/Netease/theaiarchitect/FrontAIArchitect/CodeGraph/micro-index/source/pages/index/container/TrialGuide/DiscoverWorksheet/index.less":{"language":"Less","code":3,"comment":0,"blank":1},"file:///e%3A/WorkSpace/Netease/theaiarchitect/FrontAIArchitect/CodeGraph/micro-index/source/pages/index/container/Guide/components/GuideCard/index.less":{"language":"Less","code":83,"comment":0,"blank":1},"file:///e%3A/WorkSpace/Netease/theaiarchitect/FrontAIArchitect/CodeGraph/micro-index/source/pages/index/container/TrialGuide/DiscoverWorksheet/index.tsx":{"language":"TypeScript JSX","code":35,"comment":0,"blank":6},"file:///e%3A/WorkSpace/Netease/theaiarchitect/FrontAIArchitect/CodeGraph/micro-index/source/pages/index/container/TrialGuide/DiscoverQiyu/index.less":{"language":"Less","code":3,"comment":0,"blank":1},"file:///e%3A/WorkSpace/Netease/theaiarchitect/FrontAIArchitect/CodeGraph/micro-index/source/pages/index/container/Guide/components/GuideCard/index.jsx":{"language":"JavaScript JSX","code":114,"comment":2,"blank":4},"file:///e%3A/WorkSpace/Netease/theaiarchitect/FrontAIArchitect/CodeGraph/micro-index/source/pages/index/container/TrialGuide/DiscoverOnline/index.tsx":{"language":"TypeScript JSX","code":36,"comment":0,"blank":6},"file:///e%3A/WorkSpace/Netease/theaiarchitect/FrontAIArchitect/CodeGraph/micro-index/source/pages/index/container/TrialGuide/DiscoverOnline/index.less":{"language":"Less","code":3,"comment":0,"blank":1}}