{"file:///e%3A/WorkSpace/other/ragData/micro-index/webpack.merged.dev.dll.js":{"language":"JavaScript","code":138,"comment":9,"blank":10},"file:///e%3A/WorkSpace/other/ragData/micro-index/webpack.config.prod.js":{"language":"JavaScript","code":125,"comment":71,"blank":15},"file:///e%3A/WorkSpace/other/ragData/micro-index/webpack.merged.dev.js":{"language":"JavaScript","code":229,"comment":20,"blank":24},"file:///e%3A/WorkSpace/other/ragData/micro-index/webpack.merged.prod.js":{"language":"JavaScript","code":254,"comment":27,"blank":23},"file:///e%3A/WorkSpace/other/ragData/micro-index/pp.project.json":{"language":"JSON","code":11,"comment":0,"blank":0},"file:///e%3A/WorkSpace/other/ragData/micro-index/postcss.config.js":{"language":"JavaScript","code":8,"comment":4,"blank":2},"file:///e%3A/WorkSpace/other/ragData/micro-index/webpack.config.dev.js":{"language":"JavaScript","code":109,"comment":59,"blank":15},"file:///e%3A/WorkSpace/other/ragData/micro-index/.gitlab-ci.yml":{"language":"YAML","code":2,"comment":0,"blank":1},"file:///e%3A/WorkSpace/other/ragData/micro-index/package.json":{"language":"JSON","code":192,"comment":0,"blank":1},"file:///e%3A/WorkSpace/other/ragData/micro-index/pom.xml":{"language":"XML","code":450,"comment":9,"blank":17},"file:///e%3A/WorkSpace/other/ragData/micro-index/overmind_build.xml":{"language":"XML","code":128,"comment":5,"blank":14},"file:///e%3A/WorkSpace/other/ragData/micro-index/.prettierrc.js":{"language":"JavaScript","code":4,"comment":0,"blank":0},"file:///e%3A/WorkSpace/other/ragData/micro-index/prettier.config.js":{"language":"JavaScript","code":6,"comment":1,"blank":1},"file:///e%3A/WorkSpace/other/ragData/micro-index/README.md":{"language":"Markdown","code":140,"comment":0,"blank":25},"file:///e%3A/WorkSpace/other/ragData/micro-index/tsconfig.json":{"language":"JSON with Comments","code":40,"comment":0,"blank":1},"file:///e%3A/WorkSpace/other/ragData/micro-index/.eslintrc.js":{"language":"JavaScript","code":22,"comment":0,"blank":1},"file:///e%3A/WorkSpace/other/ragData/micro-index/babel.config.js":{"language":"JavaScript","code":40,"comment":1,"blank":4},"file:///e%3A/WorkSpace/other/ragData/micro-index/docs/README.md":{"language":"Markdown","code":4,"comment":0,"blank":1},"file:///e%3A/WorkSpace/other/ragData/micro-index/docs/backend/ysf_first_guide.sql":{"language":"MS SQL","code":11,"comment":0,"blank":1},"file:///e%3A/WorkSpace/other/ragData/micro-index/d34025845c2a4b7084e13851e5deeca3_master_gray.md":{"language":"Markdown","code":1,"comment":0,"blank":0},"file:///e%3A/WorkSpace/other/ragData/micro-index/source/__mock__/rAF.js":{"language":"JavaScript","code":14,"comment":5,"blank":7},"file:///e%3A/WorkSpace/other/ragData/micro-index/source/__mock__/localStorage.js":{"language":"JavaScript","code":20,"comment":0,"blank":2},"file:///e%3A/WorkSpace/other/ragData/micro-index/Dockerfile":{"language":"Docker","code":5,"comment":0,"blank":5},"file:///e%3A/WorkSpace/other/ragData/micro-index/deploy.config.js":{"language":"JavaScript","code":123,"comment":12,"blank":9},"file:///e%3A/WorkSpace/other/ragData/micro-index/buildScripts/stringReplace.js":{"language":"JavaScript","code":121,"comment":28,"blank":11},"file:///e%3A/WorkSpace/other/ragData/micro-index/misc/ant-build-online.xml":{"language":"XML","code":90,"comment":0,"blank":7},"file:///e%3A/WorkSpace/other/ragData/micro-index/defaultOptions.js":{"language":"JavaScript","code":40,"comment":19,"blank":3},"file:///e%3A/WorkSpace/other/ragData/micro-index/buildScripts/downloadFiles.js":{"language":"JavaScript","code":76,"comment":17,"blank":9},"file:///e%3A/WorkSpace/other/ragData/micro-index/buildScripts/font_158250_54266uef21o.css":{"language":"CSS","code":1840,"comment":0,"blank":612},"file:///e%3A/WorkSpace/other/ragData/micro-index/buildScripts/font_697017_m9q3eurcmbi.svg":{"language":"XML","code":124,"comment":3,"blank":215},"file:///e%3A/WorkSpace/other/ragData/micro-index/tools/chalkConfig.js":{"language":"JavaScript","code":5,"comment":1,"blank":1},"file:///e%3A/WorkSpace/other/ragData/micro-index/tools/build.js":{"language":"JavaScript","code":72,"comment":11,"blank":14},"file:///e%3A/WorkSpace/other/ragData/micro-index/misc/ant-build-debug.xml":{"language":"XML","code":68,"comment":17,"blank":7},"file:///e%3A/WorkSpace/other/ragData/micro-index/misc/ant-build-online-gray.xml":{"language":"XML","code":76,"comment":17,"blank":7},"file:///e%3A/WorkSpace/other/ragData/micro-index/misc/ant-build-release.xml":{"language":"XML","code":76,"comment":17,"blank":7},"file:///e%3A/WorkSpace/other/ragData/micro-index/tools/build.dll.js":{"language":"JavaScript","code":84,"comment":13,"blank":16},"file:///e%3A/WorkSpace/other/ragData/micro-index/tools/assetsTransformer.js":{"language":"JavaScript","code":6,"comment":7,"blank":2},"file:///e%3A/WorkSpace/other/ragData/micro-index/misc/ant-build-test.xml":{"language":"XML","code":69,"comment":17,"blank":7},"file:///e%3A/WorkSpace/other/ragData/micro-index/tools/distServer.js":{"language":"JavaScript","code":50,"comment":4,"blank":10},"file:///e%3A/WorkSpace/other/ragData/micro-index/tools/loader/ftl-loader.js":{"language":"JavaScript","code":51,"comment":3,"blank":10},"file:///e%3A/WorkSpace/other/ragData/micro-index/tools/testCi.js":{"language":"JavaScript","code":12,"comment":1,"blank":4},"file:///e%3A/WorkSpace/other/ragData/micro-index/tools/analyzeBundle.js":{"language":"JavaScript","code":12,"comment":0,"blank":6},"file:///e%3A/WorkSpace/other/ragData/micro-index/tools/helps.js":{"language":"JavaScript","code":275,"comment":56,"blank":35},"file:///e%3A/WorkSpace/other/ragData/micro-index/tools/loader/ftl-loader-prod.js":{"language":"JavaScript","code":8,"comment":0,"blank":3},"file:///e%3A/WorkSpace/other/ragData/micro-index/tools/config.d.ts":{"language":"TypeScript","code":81,"comment":91,"blank":11},"file:///e%3A/WorkSpace/other/ragData/micro-index/source/appRoutes.js":{"language":"JavaScript","code":5,"comment":24,"blank":3},"file:///e%3A/WorkSpace/other/ragData/micro-index/source/app.js":{"language":"JavaScript","code":22,"comment":2,"blank":4},"file:///e%3A/WorkSpace/other/ragData/micro-index/tools/loader/freemarker-Readme.md":{"language":"Markdown","code":60,"comment":0,"blank":29},"file:///e%3A/WorkSpace/other/ragData/micro-index/source/vendor/js/lib/napm-web-min-1.1.6.js":{"language":"JavaScript","code":1,"comment":0,"blank":0},"file:///e%3A/WorkSpace/other/ragData/micro-index/tools/SubmoduleReferencedStatisticsPlugin/index.js":{"language":"JavaScript","code":124,"comment":22,"blank":17},"file:///e%3A/WorkSpace/other/ragData/micro-index/source/actions/actions.js":{"language":"JavaScript","code":7,"comment":2,"blank":2},"file:///e%3A/WorkSpace/other/ragData/micro-index/tools/loader/debug-loader.js":{"language":"JavaScript","code":12,"comment":0,"blank":5},"file:///e%3A/WorkSpace/other/ragData/micro-index/source/constants/map.js":{"language":"JavaScript","code":5,"comment":4,"blank":2},"file:///e%3A/WorkSpace/other/ragData/micro-index/source/actions/actionTypes.js":{"language":"JavaScript","code":1,"comment":0,"blank":1},"file:///e%3A/WorkSpace/other/ragData/micro-index/source/constants/limit.js":{"language":"JavaScript","code":28,"comment":3,"blank":1},"file:///e%3A/WorkSpace/other/ragData/micro-index/source/constants/index.js":{"language":"JavaScript","code":2,"comment":5,"blank":1},"file:///e%3A/WorkSpace/other/ragData/micro-index/source/constants/default.js":{"language":"JavaScript","code":0,"comment":0,"blank":1},"file:///e%3A/WorkSpace/other/ragData/micro-index/tools/SubmoduleReferencedStatisticsPlugin/contents/recorder.js":{"language":"JavaScript","code":82,"comment":6,"blank":10},"file:///e%3A/WorkSpace/other/ragData/micro-index/tools/SubmoduleReferencedStatisticsPlugin/contents/recorder.html":{"language":"HTML","code":16,"comment":3,"blank":1},"file:///e%3A/WorkSpace/other/ragData/micro-index/tools/SubmoduleReferencedStatisticsPlugin/contents/recorder.css":{"language":"CSS","code":90,"comment":1,"blank":22},"file:///e%3A/WorkSpace/other/ragData/micro-index/tools/SubmoduleReferencedStatisticsPlugin/contents/recorderServer.js":{"language":"JavaScript","code":19,"comment":0,"blank":4},"file:///e%3A/WorkSpace/other/ragData/micro-index/tools/neiPatch.js":{"language":"JavaScript","code":59,"comment":4,"blank":4},"file:///e%3A/WorkSpace/other/ragData/micro-index/tools/startMessage.js":{"language":"JavaScript","code":2,"comment":1,"blank":3},"file:///e%3A/WorkSpace/other/ragData/micro-index/tools/srcServer.js":{"language":"JavaScript","code":187,"comment":47,"blank":21},"file:///e%3A/WorkSpace/other/ragData/micro-index/tools/mock.js":{"language":"JavaScript","code":38,"comment":5,"blank":5},"file:///e%3A/WorkSpace/other/ragData/micro-index/tools/SubmoduleReferencedStatisticsPlugin/contents/icons.svg":{"language":"XML","code":1,"comment":0,"blank":0},"file:///e%3A/WorkSpace/other/ragData/micro-index/tools/SubmoduleReferencedStatisticsPlugin/contents/jsonTree.css":{"language":"CSS","code":90,"comment":15,"blank":7},"file:///e%3A/WorkSpace/other/ragData/micro-index/tools/SubmoduleReferencedStatisticsPlugin/contents/jsonTree.js":{"language":"JavaScript","code":391,"comment":314,"blank":107},"file:///e%3A/WorkSpace/other/ragData/micro-index/source/config/index.js":{"language":"JavaScript","code":39,"comment":3,"blank":3},"file:///e%3A/WorkSpace/other/ragData/micro-index/source/config/prod.js":{"language":"JavaScript","code":8,"comment":3,"blank":1},"file:///e%3A/WorkSpace/other/ragData/micro-index/source/config/dev.js":{"language":"JavaScript","code":9,"comment":4,"blank":1},"file:///e%3A/WorkSpace/other/ragData/micro-index/source/config/envConfig.js":{"language":"JavaScript","code":133,"comment":1,"blank":2},"file:///e%3A/WorkSpace/other/ragData/micro-index/src/main/resources/config/version.properties":{"language":"Java Properties","code":5,"comment":0,"blank":0},"file:///e%3A/WorkSpace/other/ragData/micro-index/source/config/constants.js":{"language":"JavaScript","code":13,"comment":28,"blank":6},"file:///e%3A/WorkSpace/other/ragData/micro-index/src/main/resources/config/res.properties":{"language":"Java Properties","code":1,"comment":0,"blank":1},"file:///e%3A/WorkSpace/other/ragData/micro-index/src/main/resources/config/qiyu-bootstrap.properties":{"language":"Java Properties","code":12,"comment":2,"blank":2},"file:///e%3A/WorkSpace/other/ragData/micro-index/src/main/resources/config/spring-dubbo-micro-index.xml":{"language":"XML","code":11,"comment":0,"blank":2},"file:///e%3A/WorkSpace/other/ragData/micro-index/src/main/resources/application.yml":{"language":"YAML","code":84,"comment":0,"blank":3},"file:///e%3A/WorkSpace/other/ragData/micro-index/src/main/resources/static/index.html":{"language":"HTML","code":10,"comment":0,"blank":1},"file:///e%3A/WorkSpace/other/ragData/micro-index/src/main/resources/config/napm-agent.properties":{"language":"Java Properties","code":3,"comment":5,"blank":3},"file:///e%3A/WorkSpace/other/ragData/micro-index/source/reducers/reducer.js":{"language":"JavaScript","code":12,"comment":2,"blank":2},"file:///e%3A/WorkSpace/other/ragData/micro-index/source/reducers/initialState.js":{"language":"JavaScript","code":11,"comment":7,"blank":2},"file:///e%3A/WorkSpace/other/ragData/micro-index/src/main/resources/config/microindex.properties":{"language":"Java Properties","code":18,"comment":1,"blank":1},"file:///e%3A/WorkSpace/other/ragData/micro-index/src/main/resources/mapper/FirstGuideStatusMapper.xml":{"language":"XML","code":28,"comment":0,"blank":7},"file:///e%3A/WorkSpace/other/ragData/micro-index/src/main/filters/filter-release-jd-env.properties":{"language":"Java Properties","code":5,"comment":0,"blank":1},"file:///e%3A/WorkSpace/other/ragData/micro-index/src/main/resources/config/eureka_custom.properties":{"language":"Java Properties","code":3,"comment":0,"blank":1},"file:///e%3A/WorkSpace/other/ragData/micro-index/src/main/filters/filter-release-gray-env.properties":{"language":"Java Properties","code":6,"comment":0,"blank":1},"file:///e%3A/WorkSpace/other/ragData/micro-index/src/main/filters/filter-testing-env.properties":{"language":"Java Properties","code":6,"comment":0,"blank":1},"file:///e%3A/WorkSpace/other/ragData/micro-index/src/main/resources/log4j2.xml":{"language":"XML","code":101,"comment":14,"blank":10},"file:///e%3A/WorkSpace/other/ragData/micro-index/src/main/resources/sentry-javaagent-home/javaMethod.xml":{"language":"XML","code":3,"comment":0,"blank":1},"file:///e%3A/WorkSpace/other/ragData/micro-index/src/main/filters/filter-release-gray-jd-env.properties":{"language":"Java Properties","code":5,"comment":0,"blank":1},"file:///e%3A/WorkSpace/other/ragData/micro-index/src/main/resources/sentry-javaagent-home/sentry.properties":{"language":"Java Properties","code":2,"comment":20,"blank":11},"file:///e%3A/WorkSpace/other/ragData/micro-index/src/main/filters/filter-release-env.properties":{"language":"Java Properties","code":6,"comment":0,"blank":1},"file:///e%3A/WorkSpace/other/ragData/micro-index/src/main/resources/sentry-javaagent-home/url.xml":{"language":"XML","code":3,"comment":3,"blank":1},"file:///e%3A/WorkSpace/other/ragData/micro-index/src/main/filters/filter-online-jd-env.properties":{"language":"Java Properties","code":7,"comment":0,"blank":1},"file:///e%3A/WorkSpace/other/ragData/micro-index/src/main/filters/filter-perftest-env.properties":{"language":"Java Properties","code":6,"comment":0,"blank":1},"file:///e%3A/WorkSpace/other/ragData/micro-index/src/main/filters/filter-online-sg-env.properties":{"language":"Java Properties","code":7,"comment":0,"blank":1},"file:///e%3A/WorkSpace/other/ragData/micro-index/src/main/filters/filter-image-env.properties":{"language":"Java Properties","code":9,"comment":0,"blank":1},"file:///e%3A/WorkSpace/other/ragData/micro-index/src/main/filters/filter-online-env.properties":{"language":"Java Properties","code":5,"comment":0,"blank":1},"file:///e%3A/WorkSpace/other/ragData/micro-index/source/utils/type2type.js":{"language":"JavaScript","code":26,"comment":21,"blank":7},"file:///e%3A/WorkSpace/other/ragData/micro-index/src/main/filters/filter-gray-jd-env.properties":{"language":"Java Properties","code":7,"comment":0,"blank":1},"file:///e%3A/WorkSpace/other/ragData/micro-index/source/utils/webpackPublicPath.js":{"language":"JavaScript","code":5,"comment":4,"blank":2},"file:///e%3A/WorkSpace/other/ragData/micro-index/src/main/filters/filter-debug-env.properties":{"language":"Java Properties","code":6,"comment":0,"blank":1},"file:///e%3A/WorkSpace/other/ragData/micro-index/src/main/filters/filter-gray-env.properties":{"language":"Java Properties","code":7,"comment":0,"blank":2},"file:///e%3A/WorkSpace/other/ragData/micro-index/source/utils/index.js":{"language":"JavaScript","code":31,"comment":6,"blank":2},"file:///e%3A/WorkSpace/other/ragData/micro-index/source/utils/publicPath.js":{"language":"JavaScript","code":52,"comment":28,"blank":9},"file:///e%3A/WorkSpace/other/ragData/micro-index/source/utils/getWindowVar.js":{"language":"JavaScript","code":90,"comment":39,"blank":20},"file:///e%3A/WorkSpace/other/ragData/micro-index/source/utils/iframeWrapper.js":{"language":"JavaScript","code":67,"comment":44,"blank":8},"file:///e%3A/WorkSpace/other/ragData/micro-index/source/utils/DevTools.js":{"language":"JavaScript","code":9,"comment":1,"blank":2},"file:///e%3A/WorkSpace/other/ragData/micro-index/source/utils/cli.js":{"language":"JavaScript","code":80,"comment":23,"blank":9},"file:///e%3A/WorkSpace/other/ragData/micro-index/source/utils/ajax.js":{"language":"JavaScript","code":124,"comment":27,"blank":8},"file:///e%3A/WorkSpace/other/ragData/micro-index/source/pages/index/entry.js":{"language":"JavaScript","code":26,"comment":5,"blank":6},"file:///e%3A/WorkSpace/other/ragData/micro-index/source/assets/css/lib/ppfish-theme-vars.less":{"language":"Less","code":0,"comment":1,"blank":1},"file:///e%3A/WorkSpace/other/ragData/micro-index/source/pages/Root.dev.js":{"language":"JavaScript","code":26,"comment":0,"blank":4},"file:///e%3A/WorkSpace/other/ragData/micro-index/source/pages/Root.prod.js":{"language":"JavaScript","code":22,"comment":0,"blank":3},"file:///e%3A/WorkSpace/other/ragData/micro-index/source/pages/Root.js":{"language":"JavaScript","code":5,"comment":0,"blank":1},"file:///e%3A/WorkSpace/other/ragData/micro-index/source/pages/index/view.js":{"language":"JavaScript","code":13,"comment":0,"blank":4},"file:///e%3A/WorkSpace/other/ragData/micro-index/source/pages/index/routes.js":{"language":"JavaScript","code":46,"comment":1,"blank":4},"file:///e%3A/WorkSpace/other/ragData/micro-index/source/pages/index/index.js":{"language":"JavaScript","code":5,"comment":0,"blank":2},"file:///e%3A/WorkSpace/other/ragData/micro-index/source/assets/css/common/main.less":{"language":"Less","code":44,"comment":4,"blank":11},"file:///e%3A/WorkSpace/other/ragData/micro-index/source/pages/index/services.js":{"language":"JavaScript","code":50,"comment":0,"blank":4},"file:///e%3A/WorkSpace/other/ragData/micro-index/source/pages/index/App.less":{"language":"Less","code":14,"comment":0,"blank":2},"file:///e%3A/WorkSpace/other/ragData/micro-index/source/pages/index/App.js":{"language":"JavaScript","code":17,"comment":0,"blank":6},"file:///e%3A/WorkSpace/other/ragData/micro-index/source/assets/css/common/index.less":{"language":"Less","code":4,"comment":1,"blank":1},"file:///e%3A/WorkSpace/other/ragData/micro-index/source/store/configureStore.prod.js":{"language":"JavaScript","code":10,"comment":0,"blank":2},"file:///e%3A/WorkSpace/other/ragData/micro-index/source/store/configureStore.js":{"language":"JavaScript","code":5,"comment":0,"blank":1},"file:///e%3A/WorkSpace/other/ragData/micro-index/source/assets/css/common/reset.less":{"language":"Less","code":313,"comment":8,"blank":4},"file:///e%3A/WorkSpace/other/ragData/micro-index/source/store/configureStore.dev.js":{"language":"JavaScript","code":16,"comment":8,"blank":6},"file:///e%3A/WorkSpace/other/ragData/micro-index/source/assets/css/common/color.less":{"language":"Less","code":15,"comment":0,"blank":6},"file:///e%3A/WorkSpace/other/ragData/micro-index/source/typings/index.d.ts":{"language":"TypeScript","code":7,"comment":0,"blank":1},"file:///e%3A/WorkSpace/other/ragData/micro-index/source/assets/css/common/mixin.less":{"language":"Less","code":107,"comment":17,"blank":24},"file:///e%3A/WorkSpace/other/ragData/micro-index/src/main/java/com/netease/ysf/micro/index/nos/Nos.java":{"language":"Java","code":78,"comment":9,"blank":14},"file:///e%3A/WorkSpace/other/ragData/micro-index/source/middleware/promise.js":{"language":"JavaScript","code":69,"comment":8,"blank":18},"file:///e%3A/WorkSpace/other/ragData/micro-index/source/pages/index/actions/index.js":{"language":"JavaScript","code":111,"comment":0,"blank":3},"file:///e%3A/WorkSpace/other/ragData/micro-index/source/pages/index/actions/actionTypes.js":{"language":"JavaScript","code":7,"comment":0,"blank":1},"file:///e%3A/WorkSpace/other/ragData/micro-index/source/pages/index/reducers/rootReducer.js":{"language":"JavaScript","code":10,"comment":0,"blank":3},"file:///e%3A/WorkSpace/other/ragData/micro-index/src/main/java/com/netease/ysf/micro/index/model/AppInfo.java":{"language":"Java","code":3,"comment":0,"blank":2},"file:///e%3A/WorkSpace/other/ragData/micro-index/src/main/java/com/netease/ysf/micro/index/model/BaseInfo.java":{"language":"Java","code":15,"comment":0,"blank":4},"file:///e%3A/WorkSpace/other/ragData/micro-index/source/pages/index/reducers/reducer.js":{"language":"JavaScript","code":51,"comment":0,"blank":9},"file:///e%3A/WorkSpace/other/ragData/micro-index/src/main/java/com/netease/ysf/micro/index/MicroIndexMain.java":{"language":"Java","code":40,"comment":0,"blank":4},"file:///e%3A/WorkSpace/other/ragData/micro-index/source/pages/index/components/ErrorBoundary.js":{"language":"JavaScript","code":14,"comment":1,"blank":5},"file:///e%3A/WorkSpace/other/ragData/micro-index/src/main/java/com/netease/ysf/micro/index/intercepter/WebInterceptor.java":{"language":"Java","code":181,"comment":19,"blank":17},"file:///e%3A/WorkSpace/other/ragData/micro-index/source/pages/index/reducers/initialState.js":{"language":"JavaScript","code":9,"comment":4,"blank":1},"file:///e%3A/WorkSpace/other/ragData/micro-index/src/main/java/com/netease/ysf/micro/index/intercepter/SessionCheckInterceptor.java":{"language":"Java","code":576,"comment":48,"blank":63},"file:///e%3A/WorkSpace/other/ragData/micro-index/src/main/java/com/netease/ysf/micro/index/intercepter/PageRightCheckInterceptor.java":{"language":"Java","code":188,"comment":13,"blank":33},"file:///e%3A/WorkSpace/other/ragData/micro-index/src/main/java/com/netease/ysf/micro/index/intercepter/ForceHttpsInterceptor.java":{"language":"Java","code":70,"comment":3,"blank":9},"file:///e%3A/WorkSpace/other/ragData/micro-index/src/main/java/com/netease/ysf/micro/index/intercepter/OperateLoggingInterceptor.java":{"language":"Java","code":385,"comment":21,"blank":12},"file:///e%3A/WorkSpace/other/ragData/micro-index/source/pages/index/qxy/index.tsx":{"language":"TypeScript JSX","code":88,"comment":1,"blank":11},"file:///e%3A/WorkSpace/other/ragData/micro-index/source/pages/index/qxy/store/index.ts":{"language":"TypeScript","code":46,"comment":0,"blank":6},"file:///e%3A/WorkSpace/other/ragData/micro-index/source/pages/index/container/Guide/index.less":{"language":"Less","code":71,"comment":0,"blank":1},"file:///e%3A/WorkSpace/other/ragData/micro-index/source/pages/index/container/Guide/index.jsx":{"language":"JavaScript JSX","code":68,"comment":1,"blank":3},"file:///e%3A/WorkSpace/other/ragData/micro-index/source/pages/index/components/Banner/index.js":{"language":"JavaScript","code":46,"comment":1,"blank":6},"file:///e%3A/WorkSpace/other/ragData/micro-index/source/pages/index/components/QuickStart/index.tsx":{"language":"TypeScript JSX","code":58,"comment":1,"blank":11},"file:///e%3A/WorkSpace/other/ragData/micro-index/source/pages/index/components/QuickStart/index.less":{"language":"Less","code":21,"comment":0,"blank":4},"file:///e%3A/WorkSpace/other/ragData/micro-index/source/pages/index/container/Guide/config.js":{"language":"JavaScript","code":242,"comment":0,"blank":1},"file:///e%3A/WorkSpace/other/ragData/micro-index/source/pages/index/qxy/index.less":{"language":"Less","code":86,"comment":1,"blank":16},"file:///e%3A/WorkSpace/other/ragData/micro-index/source/pages/index/qxy/data/course.json":{"language":"JSON","code":1122,"comment":0,"blank":0},"file:///e%3A/WorkSpace/other/ragData/micro-index/src/main/java/com/netease/ysf/micro/index/instance/InstanceController.java":{"language":"Java","code":69,"comment":4,"blank":20},"file:///e%3A/WorkSpace/other/ragData/micro-index/source/pages/index/container/TrialGuide/MoreRobot/index.less":{"language":"Less","code":4,"comment":0,"blank":1},"file:///e%3A/WorkSpace/other/ragData/micro-index/source/pages/index/container/TrialGuide/MoreRobot/index.tsx":{"language":"TypeScript JSX","code":59,"comment":0,"blank":8},"file:///e%3A/WorkSpace/other/ragData/micro-index/src/main/java/com/netease/ysf/micro/index/controller/PageLegacyController.java":{"language":"Java","code":28,"comment":3,"blank":5},"file:///e%3A/WorkSpace/other/ragData/micro-index/source/pages/index/components/Notice/index.js":{"language":"JavaScript","code":91,"comment":4,"blank":11},"file:///e%3A/WorkSpace/other/ragData/micro-index/src/main/java/com/netease/ysf/micro/index/config/WebMvcConfig.java":{"language":"Java","code":42,"comment":0,"blank":9},"file:///e%3A/WorkSpace/other/ragData/micro-index/source/pages/index/components/AppList/index.js":{"language":"JavaScript","code":94,"comment":2,"blank":9},"file:///e%3A/WorkSpace/other/ragData/micro-index/src/main/java/com/netease/ysf/micro/index/controller/PageFrameController.java":{"language":"Java","code":228,"comment":12,"blank":20},"file:///e%3A/WorkSpace/other/ragData/micro-index/source/pages/index/container/Guide/components/ToolBox/index.less":{"language":"Less","code":92,"comment":0,"blank":1},"file:///e%3A/WorkSpace/other/ragData/micro-index/source/pages/index/container/Guide/components/ToolBox/index.jsx":{"language":"JavaScript JSX","code":60,"comment":0,"blank":6},"file:///e%3A/WorkSpace/other/ragData/micro-index/source/pages/index/qxy/components/VideoModal/index.tsx":{"language":"TypeScript JSX","code":42,"comment":0,"blank":7},"file:///e%3A/WorkSpace/other/ragData/micro-index/source/pages/index/qxy/components/VideoModal/index.less":{"language":"Less","code":54,"comment":1,"blank":7},"file:///e%3A/WorkSpace/other/ragData/micro-index/source/pages/index/container/TrialGuide/MoreOnline/index.less":{"language":"Less","code":4,"comment":0,"blank":1},"file:///e%3A/WorkSpace/other/ragData/micro-index/source/pages/index/components/AppBox/index.js":{"language":"JavaScript","code":163,"comment":14,"blank":15},"file:///e%3A/WorkSpace/other/ragData/micro-index/source/pages/index/container/Guide/components/GuideCard/index.less":{"language":"Less","code":83,"comment":0,"blank":1},"file:///e%3A/WorkSpace/other/ragData/micro-index/src/main/java/com/netease/ysf/micro/index/cdn/NosCdnUpload.java":{"language":"Java","code":167,"comment":5,"blank":43},"file:///e%3A/WorkSpace/other/ragData/micro-index/source/pages/index/container/TrialGuide/MoreOnline/index.tsx":{"language":"TypeScript JSX","code":59,"comment":0,"blank":8},"file:///e%3A/WorkSpace/other/ragData/micro-index/source/pages/index/container/Guide/components/GuideCard/index.jsx":{"language":"JavaScript JSX","code":114,"comment":2,"blank":4},"file:///e%3A/WorkSpace/other/ragData/micro-index/source/pages/index/components/NotFound/index.js":{"language":"JavaScript","code":17,"comment":0,"blank":4},"file:///e%3A/WorkSpace/other/ragData/micro-index/source/pages/index/components/NotFound/index.less":{"language":"Less","code":28,"comment":0,"blank":1},"file:///e%3A/WorkSpace/other/ragData/micro-index/source/pages/index/container/TrialGuide/MoreCC/index.less":{"language":"Less","code":4,"comment":0,"blank":1},"file:///e%3A/WorkSpace/other/ragData/micro-index/source/pages/index/components/NotFound/doc.md":{"language":"Markdown","code":34,"comment":0,"blank":6},"file:///e%3A/WorkSpace/other/ragData/micro-index/source/pages/index/container/TrialGuide/MoreCC/index.tsx":{"language":"TypeScript JSX","code":68,"comment":0,"blank":8},"file:///e%3A/WorkSpace/other/ragData/micro-index/source/pages/index/qxy/components/VideoList/index.tsx":{"language":"TypeScript JSX","code":43,"comment":0,"blank":6},"file:///e%3A/WorkSpace/other/ragData/micro-index/source/pages/index/qxy/components/VideoList/index.less":{"language":"Less","code":70,"comment":0,"blank":10},"file:///e%3A/WorkSpace/other/ragData/micro-index/source/pages/index/container/TrialGuide/index.less":{"language":"Less","code":52,"comment":1,"blank":9},"file:///e%3A/WorkSpace/other/ragData/micro-index/source/pages/index/container/TrialGuide/index.tsx":{"language":"TypeScript JSX","code":385,"comment":9,"blank":25},"file:///e%3A/WorkSpace/other/ragData/micro-index/source/pages/index/components/Experience/index.tsx":{"language":"TypeScript JSX","code":65,"comment":0,"blank":11},"file:///e%3A/WorkSpace/other/ragData/micro-index/source/pages/index/components/Experience/index.less":{"language":"Less","code":35,"comment":0,"blank":7},"file:///e%3A/WorkSpace/other/ragData/micro-index/source/pages/index/components/Home/index.less":{"language":"Less","code":360,"comment":6,"blank":64},"file:///e%3A/WorkSpace/other/ragData/micro-index/source/pages/index/container/AppList/index.js":{"language":"JavaScript","code":13,"comment":0,"blank":4},"file:///e%3A/WorkSpace/other/ragData/micro-index/source/pages/index/components/FeatsIntro/index.tsx":{"language":"TypeScript JSX","code":58,"comment":0,"blank":12},"file:///e%3A/WorkSpace/other/ragData/micro-index/source/pages/index/components/FeatsIntro/index.less":{"language":"Less","code":37,"comment":0,"blank":6},"file:///e%3A/WorkSpace/other/ragData/micro-index/source/pages/index/components/Home/index.js":{"language":"JavaScript","code":331,"comment":30,"blank":26},"file:///e%3A/WorkSpace/other/ragData/micro-index/src/main/java/com/netease/ysf/device/dao/FirstGuideStatusDao.java":{"language":"Java","code":22,"comment":0,"blank":8},"file:///e%3A/WorkSpace/other/ragData/micro-index/source/pages/index/container/Home/index.js":{"language":"JavaScript","code":13,"comment":0,"blank":4},"file:///e%3A/WorkSpace/other/ragData/micro-index/src/main/java/com/netease/ysf/device/model/FirstGuideStatusRO.java":{"language":"Java","code":35,"comment":0,"blank":14},"file:///e%3A/WorkSpace/other/ragData/micro-index/source/pages/index/container/TrialGuide/ExperienceCall/index.less":{"language":"Less","code":3,"comment":0,"blank":1},"file:///e%3A/WorkSpace/other/ragData/micro-index/source/pages/index/container/TrialGuide/ExperienceSession/index.less":{"language":"Less","code":3,"comment":0,"blank":1},"file:///e%3A/WorkSpace/other/ragData/micro-index/source/pages/index/container/TrialGuide/ExperienceSession/index.tsx":{"language":"TypeScript JSX","code":47,"comment":0,"blank":7},"file:///e%3A/WorkSpace/other/ragData/micro-index/source/pages/index/container/TrialGuide/ExperienceRobot/index.tsx":{"language":"TypeScript JSX","code":83,"comment":0,"blank":11},"file:///e%3A/WorkSpace/other/ragData/micro-index/source/pages/index/container/TrialGuide/ExperienceCall/index.tsx":{"language":"TypeScript JSX","code":35,"comment":0,"blank":5},"file:///e%3A/WorkSpace/other/ragData/micro-index/source/pages/index/container/TrialGuide/DiscoverQiyu/index.less":{"language":"Less","code":3,"comment":0,"blank":1},"file:///e%3A/WorkSpace/other/ragData/micro-index/source/pages/index/container/TrialGuide/ExperienceRobot/index.less":{"language":"Less","code":36,"comment":0,"blank":7},"file:///e%3A/WorkSpace/other/ragData/micro-index/source/pages/index/container/TrialGuide/DiscoverQiyu/index.tsx":{"language":"TypeScript JSX","code":34,"comment":0,"blank":7},"file:///e%3A/WorkSpace/other/ragData/micro-index/source/pages/index/container/TrialGuide/DiscoverWorksheet/index.tsx":{"language":"TypeScript JSX","code":35,"comment":0,"blank":6},"file:///e%3A/WorkSpace/other/ragData/micro-index/source/pages/index/container/TrialGuide/DiscoverRobot/index.less":{"language":"Less","code":3,"comment":0,"blank":1},"file:///e%3A/WorkSpace/other/ragData/micro-index/source/pages/index/container/TrialGuide/DiscoverWorksheet/index.less":{"language":"Less","code":3,"comment":0,"blank":1},"file:///e%3A/WorkSpace/other/ragData/micro-index/source/pages/index/container/TrialGuide/DiscoverCC/index.less":{"language":"Less","code":3,"comment":0,"blank":1},"file:///e%3A/WorkSpace/other/ragData/micro-index/source/pages/index/container/TrialGuide/DiscoverRobot/index.tsx":{"language":"TypeScript JSX","code":36,"comment":0,"blank":6},"file:///e%3A/WorkSpace/other/ragData/micro-index/source/pages/index/container/TrialGuide/DiscoverCC/index.tsx":{"language":"TypeScript JSX","code":36,"comment":0,"blank":6},"file:///e%3A/WorkSpace/other/ragData/micro-index/source/pages/index/container/TrialGuide/DiscoverOnline/index.tsx":{"language":"TypeScript JSX","code":36,"comment":0,"blank":6},"file:///e%3A/WorkSpace/other/ragData/micro-index/source/pages/index/container/TrialGuide/DiscoverOnline/index.less":{"language":"Less","code":3,"comment":0,"blank":1},"file:///e%3A/WorkSpace/other/ragData/micro-index/package-lock.json":{"language":"JSON","code":38567,"comment":0,"blank":1}}