"filename", "language", "JavaScript", "JSON", "YAML", "XML", "Markdown", "JSON with Comments", "MS SQL", "Docker", "CSS", "TypeScript", "HTML", "Java Properties", "Less", "Java", "TypeScript JSX", "JavaScript JSX", "comment", "blank", "total"
"e:\WorkSpace\other\ragData\micro-index\.eslintrc.js", "JavaScript", 22, 0, 0, 0, 0, 0, 0, 0, 0, 0, 0, 0, 0, 0, 0, 0, 0, 1, 23
"e:\WorkSpace\other\ragData\micro-index\.gitlab-ci.yml", "YAML", 0, 0, 2, 0, 0, 0, 0, 0, 0, 0, 0, 0, 0, 0, 0, 0, 0, 1, 3
"e:\WorkSpace\other\ragData\micro-index\.prettierrc.js", "JavaScript", 4, 0, 0, 0, 0, 0, 0, 0, 0, 0, 0, 0, 0, 0, 0, 0, 0, 0, 4
"e:\WorkSpace\other\ragData\micro-index\Dockerfile", "Docker", 0, 0, 0, 0, 0, 0, 0, 5, 0, 0, 0, 0, 0, 0, 0, 0, 0, 5, 10
"e:\WorkSpace\other\ragData\micro-index\README.md", "Markdown", 0, 0, 0, 0, 140, 0, 0, 0, 0, 0, 0, 0, 0, 0, 0, 0, 0, 25, 165
"e:\WorkSpace\other\ragData\micro-index\babel.config.js", "JavaScript", 40, 0, 0, 0, 0, 0, 0, 0, 0, 0, 0, 0, 0, 0, 0, 0, 1, 4, 45
"e:\WorkSpace\other\ragData\micro-index\buildScripts\downloadFiles.js", "JavaScript", 76, 0, 0, 0, 0, 0, 0, 0, 0, 0, 0, 0, 0, 0, 0, 0, 17, 9, 102
"e:\WorkSpace\other\ragData\micro-index\buildScripts\font_158250_54266uef21o.css", "CSS", 0, 0, 0, 0, 0, 0, 0, 0, 1840, 0, 0, 0, 0, 0, 0, 0, 0, 612, 2452
"e:\WorkSpace\other\ragData\micro-index\buildScripts\font_697017_m9q3eurcmbi.svg", "XML", 0, 0, 0, 124, 0, 0, 0, 0, 0, 0, 0, 0, 0, 0, 0, 0, 3, 215, 342
"e:\WorkSpace\other\ragData\micro-index\buildScripts\stringReplace.js", "JavaScript", 121, 0, 0, 0, 0, 0, 0, 0, 0, 0, 0, 0, 0, 0, 0, 0, 28, 11, 160
"e:\WorkSpace\other\ragData\micro-index\d34025845c2a4b7084e13851e5deeca3_master_gray.md", "Markdown", 0, 0, 0, 0, 1, 0, 0, 0, 0, 0, 0, 0, 0, 0, 0, 0, 0, 0, 1
"e:\WorkSpace\other\ragData\micro-index\defaultOptions.js", "JavaScript", 40, 0, 0, 0, 0, 0, 0, 0, 0, 0, 0, 0, 0, 0, 0, 0, 19, 3, 62
"e:\WorkSpace\other\ragData\micro-index\deploy.config.js", "JavaScript", 123, 0, 0, 0, 0, 0, 0, 0, 0, 0, 0, 0, 0, 0, 0, 0, 12, 9, 144
"e:\WorkSpace\other\ragData\micro-index\docs\README.md", "Markdown", 0, 0, 0, 0, 4, 0, 0, 0, 0, 0, 0, 0, 0, 0, 0, 0, 0, 1, 5
"e:\WorkSpace\other\ragData\micro-index\docs\backend\ysf_first_guide.sql", "MS SQL", 0, 0, 0, 0, 0, 0, 11, 0, 0, 0, 0, 0, 0, 0, 0, 0, 0, 1, 12
"e:\WorkSpace\other\ragData\micro-index\misc\ant-build-debug.xml", "XML", 0, 0, 0, 68, 0, 0, 0, 0, 0, 0, 0, 0, 0, 0, 0, 0, 17, 7, 92
"e:\WorkSpace\other\ragData\micro-index\misc\ant-build-online-gray.xml", "XML", 0, 0, 0, 76, 0, 0, 0, 0, 0, 0, 0, 0, 0, 0, 0, 0, 17, 7, 100
"e:\WorkSpace\other\ragData\micro-index\misc\ant-build-online.xml", "XML", 0, 0, 0, 90, 0, 0, 0, 0, 0, 0, 0, 0, 0, 0, 0, 0, 0, 7, 97
"e:\WorkSpace\other\ragData\micro-index\misc\ant-build-release.xml", "XML", 0, 0, 0, 76, 0, 0, 0, 0, 0, 0, 0, 0, 0, 0, 0, 0, 17, 7, 100
"e:\WorkSpace\other\ragData\micro-index\misc\ant-build-test.xml", "XML", 0, 0, 0, 69, 0, 0, 0, 0, 0, 0, 0, 0, 0, 0, 0, 0, 17, 7, 93
"e:\WorkSpace\other\ragData\micro-index\overmind_build.xml", "XML", 0, 0, 0, 128, 0, 0, 0, 0, 0, 0, 0, 0, 0, 0, 0, 0, 5, 14, 147
"e:\WorkSpace\other\ragData\micro-index\package-lock.json", "JSON", 0, 38567, 0, 0, 0, 0, 0, 0, 0, 0, 0, 0, 0, 0, 0, 0, 0, 1, 38568
"e:\WorkSpace\other\ragData\micro-index\package.json", "JSON", 0, 192, 0, 0, 0, 0, 0, 0, 0, 0, 0, 0, 0, 0, 0, 0, 0, 1, 193
"e:\WorkSpace\other\ragData\micro-index\pom.xml", "XML", 0, 0, 0, 450, 0, 0, 0, 0, 0, 0, 0, 0, 0, 0, 0, 0, 9, 17, 476
"e:\WorkSpace\other\ragData\micro-index\postcss.config.js", "JavaScript", 8, 0, 0, 0, 0, 0, 0, 0, 0, 0, 0, 0, 0, 0, 0, 0, 4, 2, 14
"e:\WorkSpace\other\ragData\micro-index\pp.project.json", "JSON", 0, 11, 0, 0, 0, 0, 0, 0, 0, 0, 0, 0, 0, 0, 0, 0, 0, 0, 11
"e:\WorkSpace\other\ragData\micro-index\prettier.config.js", "JavaScript", 6, 0, 0, 0, 0, 0, 0, 0, 0, 0, 0, 0, 0, 0, 0, 0, 1, 1, 8
"e:\WorkSpace\other\ragData\micro-index\source\__mock__\localStorage.js", "JavaScript", 20, 0, 0, 0, 0, 0, 0, 0, 0, 0, 0, 0, 0, 0, 0, 0, 0, 2, 22
"e:\WorkSpace\other\ragData\micro-index\source\__mock__\rAF.js", "JavaScript", 14, 0, 0, 0, 0, 0, 0, 0, 0, 0, 0, 0, 0, 0, 0, 0, 5, 7, 26
"e:\WorkSpace\other\ragData\micro-index\source\actions\actionTypes.js", "JavaScript", 1, 0, 0, 0, 0, 0, 0, 0, 0, 0, 0, 0, 0, 0, 0, 0, 0, 1, 2
"e:\WorkSpace\other\ragData\micro-index\source\actions\actions.js", "JavaScript", 7, 0, 0, 0, 0, 0, 0, 0, 0, 0, 0, 0, 0, 0, 0, 0, 2, 2, 11
"e:\WorkSpace\other\ragData\micro-index\source\app.js", "JavaScript", 22, 0, 0, 0, 0, 0, 0, 0, 0, 0, 0, 0, 0, 0, 0, 0, 2, 4, 28
"e:\WorkSpace\other\ragData\micro-index\source\appRoutes.js", "JavaScript", 5, 0, 0, 0, 0, 0, 0, 0, 0, 0, 0, 0, 0, 0, 0, 0, 24, 3, 32
"e:\WorkSpace\other\ragData\micro-index\source\assets\css\common\color.less", "Less", 0, 0, 0, 0, 0, 0, 0, 0, 0, 0, 0, 0, 15, 0, 0, 0, 0, 6, 21
"e:\WorkSpace\other\ragData\micro-index\source\assets\css\common\index.less", "Less", 0, 0, 0, 0, 0, 0, 0, 0, 0, 0, 0, 0, 4, 0, 0, 0, 1, 1, 6
"e:\WorkSpace\other\ragData\micro-index\source\assets\css\common\main.less", "Less", 0, 0, 0, 0, 0, 0, 0, 0, 0, 0, 0, 0, 44, 0, 0, 0, 4, 11, 59
"e:\WorkSpace\other\ragData\micro-index\source\assets\css\common\mixin.less", "Less", 0, 0, 0, 0, 0, 0, 0, 0, 0, 0, 0, 0, 107, 0, 0, 0, 17, 24, 148
"e:\WorkSpace\other\ragData\micro-index\source\assets\css\common\reset.less", "Less", 0, 0, 0, 0, 0, 0, 0, 0, 0, 0, 0, 0, 313, 0, 0, 0, 8, 4, 325
"e:\WorkSpace\other\ragData\micro-index\source\assets\css\lib\ppfish-theme-vars.less", "Less", 0, 0, 0, 0, 0, 0, 0, 0, 0, 0, 0, 0, 0, 0, 0, 0, 1, 1, 2
"e:\WorkSpace\other\ragData\micro-index\source\config\constants.js", "JavaScript", 13, 0, 0, 0, 0, 0, 0, 0, 0, 0, 0, 0, 0, 0, 0, 0, 28, 6, 47
"e:\WorkSpace\other\ragData\micro-index\source\config\dev.js", "JavaScript", 9, 0, 0, 0, 0, 0, 0, 0, 0, 0, 0, 0, 0, 0, 0, 0, 4, 1, 14
"e:\WorkSpace\other\ragData\micro-index\source\config\envConfig.js", "JavaScript", 133, 0, 0, 0, 0, 0, 0, 0, 0, 0, 0, 0, 0, 0, 0, 0, 1, 2, 136
"e:\WorkSpace\other\ragData\micro-index\source\config\index.js", "JavaScript", 39, 0, 0, 0, 0, 0, 0, 0, 0, 0, 0, 0, 0, 0, 0, 0, 3, 3, 45
"e:\WorkSpace\other\ragData\micro-index\source\config\prod.js", "JavaScript", 8, 0, 0, 0, 0, 0, 0, 0, 0, 0, 0, 0, 0, 0, 0, 0, 3, 1, 12
"e:\WorkSpace\other\ragData\micro-index\source\constants\default.js", "JavaScript", 0, 0, 0, 0, 0, 0, 0, 0, 0, 0, 0, 0, 0, 0, 0, 0, 0, 1, 1
"e:\WorkSpace\other\ragData\micro-index\source\constants\index.js", "JavaScript", 2, 0, 0, 0, 0, 0, 0, 0, 0, 0, 0, 0, 0, 0, 0, 0, 5, 1, 8
"e:\WorkSpace\other\ragData\micro-index\source\constants\limit.js", "JavaScript", 28, 0, 0, 0, 0, 0, 0, 0, 0, 0, 0, 0, 0, 0, 0, 0, 3, 1, 32
"e:\WorkSpace\other\ragData\micro-index\source\constants\map.js", "JavaScript", 5, 0, 0, 0, 0, 0, 0, 0, 0, 0, 0, 0, 0, 0, 0, 0, 4, 2, 11
"e:\WorkSpace\other\ragData\micro-index\source\middleware\promise.js", "JavaScript", 69, 0, 0, 0, 0, 0, 0, 0, 0, 0, 0, 0, 0, 0, 0, 0, 8, 18, 95
"e:\WorkSpace\other\ragData\micro-index\source\pages\Root.dev.js", "JavaScript", 26, 0, 0, 0, 0, 0, 0, 0, 0, 0, 0, 0, 0, 0, 0, 0, 0, 4, 30
"e:\WorkSpace\other\ragData\micro-index\source\pages\Root.js", "JavaScript", 5, 0, 0, 0, 0, 0, 0, 0, 0, 0, 0, 0, 0, 0, 0, 0, 0, 1, 6
"e:\WorkSpace\other\ragData\micro-index\source\pages\Root.prod.js", "JavaScript", 22, 0, 0, 0, 0, 0, 0, 0, 0, 0, 0, 0, 0, 0, 0, 0, 0, 3, 25
"e:\WorkSpace\other\ragData\micro-index\source\pages\index\App.js", "JavaScript", 17, 0, 0, 0, 0, 0, 0, 0, 0, 0, 0, 0, 0, 0, 0, 0, 0, 6, 23
"e:\WorkSpace\other\ragData\micro-index\source\pages\index\App.less", "Less", 0, 0, 0, 0, 0, 0, 0, 0, 0, 0, 0, 0, 14, 0, 0, 0, 0, 2, 16
"e:\WorkSpace\other\ragData\micro-index\source\pages\index\actions\actionTypes.js", "JavaScript", 7, 0, 0, 0, 0, 0, 0, 0, 0, 0, 0, 0, 0, 0, 0, 0, 0, 1, 8
"e:\WorkSpace\other\ragData\micro-index\source\pages\index\actions\index.js", "JavaScript", 111, 0, 0, 0, 0, 0, 0, 0, 0, 0, 0, 0, 0, 0, 0, 0, 0, 3, 114
"e:\WorkSpace\other\ragData\micro-index\source\pages\index\components\AppBox\index.js", "JavaScript", 163, 0, 0, 0, 0, 0, 0, 0, 0, 0, 0, 0, 0, 0, 0, 0, 14, 15, 192
"e:\WorkSpace\other\ragData\micro-index\source\pages\index\components\AppList\index.js", "JavaScript", 94, 0, 0, 0, 0, 0, 0, 0, 0, 0, 0, 0, 0, 0, 0, 0, 2, 9, 105
"e:\WorkSpace\other\ragData\micro-index\source\pages\index\components\Banner\index.js", "JavaScript", 46, 0, 0, 0, 0, 0, 0, 0, 0, 0, 0, 0, 0, 0, 0, 0, 1, 6, 53
"e:\WorkSpace\other\ragData\micro-index\source\pages\index\components\ErrorBoundary.js", "JavaScript", 14, 0, 0, 0, 0, 0, 0, 0, 0, 0, 0, 0, 0, 0, 0, 0, 1, 5, 20
"e:\WorkSpace\other\ragData\micro-index\source\pages\index\components\Experience\index.less", "Less", 0, 0, 0, 0, 0, 0, 0, 0, 0, 0, 0, 0, 35, 0, 0, 0, 0, 7, 42
"e:\WorkSpace\other\ragData\micro-index\source\pages\index\components\Experience\index.tsx", "TypeScript JSX", 0, 0, 0, 0, 0, 0, 0, 0, 0, 0, 0, 0, 0, 0, 65, 0, 0, 11, 76
"e:\WorkSpace\other\ragData\micro-index\source\pages\index\components\FeatsIntro\index.less", "Less", 0, 0, 0, 0, 0, 0, 0, 0, 0, 0, 0, 0, 37, 0, 0, 0, 0, 6, 43
"e:\WorkSpace\other\ragData\micro-index\source\pages\index\components\FeatsIntro\index.tsx", "TypeScript JSX", 0, 0, 0, 0, 0, 0, 0, 0, 0, 0, 0, 0, 0, 0, 58, 0, 0, 12, 70
"e:\WorkSpace\other\ragData\micro-index\source\pages\index\components\Home\index.js", "JavaScript", 331, 0, 0, 0, 0, 0, 0, 0, 0, 0, 0, 0, 0, 0, 0, 0, 30, 26, 387
"e:\WorkSpace\other\ragData\micro-index\source\pages\index\components\Home\index.less", "Less", 0, 0, 0, 0, 0, 0, 0, 0, 0, 0, 0, 0, 360, 0, 0, 0, 6, 64, 430
"e:\WorkSpace\other\ragData\micro-index\source\pages\index\components\NotFound\doc.md", "Markdown", 0, 0, 0, 0, 34, 0, 0, 0, 0, 0, 0, 0, 0, 0, 0, 0, 0, 6, 40
"e:\WorkSpace\other\ragData\micro-index\source\pages\index\components\NotFound\index.js", "JavaScript", 17, 0, 0, 0, 0, 0, 0, 0, 0, 0, 0, 0, 0, 0, 0, 0, 0, 4, 21
"e:\WorkSpace\other\ragData\micro-index\source\pages\index\components\NotFound\index.less", "Less", 0, 0, 0, 0, 0, 0, 0, 0, 0, 0, 0, 0, 28, 0, 0, 0, 0, 1, 29
"e:\WorkSpace\other\ragData\micro-index\source\pages\index\components\Notice\index.js", "JavaScript", 91, 0, 0, 0, 0, 0, 0, 0, 0, 0, 0, 0, 0, 0, 0, 0, 4, 11, 106
"e:\WorkSpace\other\ragData\micro-index\source\pages\index\components\QuickStart\index.less", "Less", 0, 0, 0, 0, 0, 0, 0, 0, 0, 0, 0, 0, 21, 0, 0, 0, 0, 4, 25
"e:\WorkSpace\other\ragData\micro-index\source\pages\index\components\QuickStart\index.tsx", "TypeScript JSX", 0, 0, 0, 0, 0, 0, 0, 0, 0, 0, 0, 0, 0, 0, 58, 0, 1, 11, 70
"e:\WorkSpace\other\ragData\micro-index\source\pages\index\container\AppList\index.js", "JavaScript", 13, 0, 0, 0, 0, 0, 0, 0, 0, 0, 0, 0, 0, 0, 0, 0, 0, 4, 17
"e:\WorkSpace\other\ragData\micro-index\source\pages\index\container\Guide\components\GuideCard\index.jsx", "JavaScript JSX", 0, 0, 0, 0, 0, 0, 0, 0, 0, 0, 0, 0, 0, 0, 0, 114, 2, 4, 120
"e:\WorkSpace\other\ragData\micro-index\source\pages\index\container\Guide\components\GuideCard\index.less", "Less", 0, 0, 0, 0, 0, 0, 0, 0, 0, 0, 0, 0, 83, 0, 0, 0, 0, 1, 84
"e:\WorkSpace\other\ragData\micro-index\source\pages\index\container\Guide\components\ToolBox\index.jsx", "JavaScript JSX", 0, 0, 0, 0, 0, 0, 0, 0, 0, 0, 0, 0, 0, 0, 0, 60, 0, 6, 66
"e:\WorkSpace\other\ragData\micro-index\source\pages\index\container\Guide\components\ToolBox\index.less", "Less", 0, 0, 0, 0, 0, 0, 0, 0, 0, 0, 0, 0, 92, 0, 0, 0, 0, 1, 93
"e:\WorkSpace\other\ragData\micro-index\source\pages\index\container\Guide\config.js", "JavaScript", 242, 0, 0, 0, 0, 0, 0, 0, 0, 0, 0, 0, 0, 0, 0, 0, 0, 1, 243
"e:\WorkSpace\other\ragData\micro-index\source\pages\index\container\Guide\index.jsx", "JavaScript JSX", 0, 0, 0, 0, 0, 0, 0, 0, 0, 0, 0, 0, 0, 0, 0, 68, 1, 3, 72
"e:\WorkSpace\other\ragData\micro-index\source\pages\index\container\Guide\index.less", "Less", 0, 0, 0, 0, 0, 0, 0, 0, 0, 0, 0, 0, 71, 0, 0, 0, 0, 1, 72
"e:\WorkSpace\other\ragData\micro-index\source\pages\index\container\Home\index.js", "JavaScript", 13, 0, 0, 0, 0, 0, 0, 0, 0, 0, 0, 0, 0, 0, 0, 0, 0, 4, 17
"e:\WorkSpace\other\ragData\micro-index\source\pages\index\container\TrialGuide\DiscoverCC\index.less", "Less", 0, 0, 0, 0, 0, 0, 0, 0, 0, 0, 0, 0, 3, 0, 0, 0, 0, 1, 4
"e:\WorkSpace\other\ragData\micro-index\source\pages\index\container\TrialGuide\DiscoverCC\index.tsx", "TypeScript JSX", 0, 0, 0, 0, 0, 0, 0, 0, 0, 0, 0, 0, 0, 0, 36, 0, 0, 6, 42
"e:\WorkSpace\other\ragData\micro-index\source\pages\index\container\TrialGuide\DiscoverOnline\index.less", "Less", 0, 0, 0, 0, 0, 0, 0, 0, 0, 0, 0, 0, 3, 0, 0, 0, 0, 1, 4
"e:\WorkSpace\other\ragData\micro-index\source\pages\index\container\TrialGuide\DiscoverOnline\index.tsx", "TypeScript JSX", 0, 0, 0, 0, 0, 0, 0, 0, 0, 0, 0, 0, 0, 0, 36, 0, 0, 6, 42
"e:\WorkSpace\other\ragData\micro-index\source\pages\index\container\TrialGuide\DiscoverQiyu\index.less", "Less", 0, 0, 0, 0, 0, 0, 0, 0, 0, 0, 0, 0, 3, 0, 0, 0, 0, 1, 4
"e:\WorkSpace\other\ragData\micro-index\source\pages\index\container\TrialGuide\DiscoverQiyu\index.tsx", "TypeScript JSX", 0, 0, 0, 0, 0, 0, 0, 0, 0, 0, 0, 0, 0, 0, 34, 0, 0, 7, 41
"e:\WorkSpace\other\ragData\micro-index\source\pages\index\container\TrialGuide\DiscoverRobot\index.less", "Less", 0, 0, 0, 0, 0, 0, 0, 0, 0, 0, 0, 0, 3, 0, 0, 0, 0, 1, 4
"e:\WorkSpace\other\ragData\micro-index\source\pages\index\container\TrialGuide\DiscoverRobot\index.tsx", "TypeScript JSX", 0, 0, 0, 0, 0, 0, 0, 0, 0, 0, 0, 0, 0, 0, 36, 0, 0, 6, 42
"e:\WorkSpace\other\ragData\micro-index\source\pages\index\container\TrialGuide\DiscoverWorksheet\index.less", "Less", 0, 0, 0, 0, 0, 0, 0, 0, 0, 0, 0, 0, 3, 0, 0, 0, 0, 1, 4
"e:\WorkSpace\other\ragData\micro-index\source\pages\index\container\TrialGuide\DiscoverWorksheet\index.tsx", "TypeScript JSX", 0, 0, 0, 0, 0, 0, 0, 0, 0, 0, 0, 0, 0, 0, 35, 0, 0, 6, 41
"e:\WorkSpace\other\ragData\micro-index\source\pages\index\container\TrialGuide\ExperienceCall\index.less", "Less", 0, 0, 0, 0, 0, 0, 0, 0, 0, 0, 0, 0, 3, 0, 0, 0, 0, 1, 4
"e:\WorkSpace\other\ragData\micro-index\source\pages\index\container\TrialGuide\ExperienceCall\index.tsx", "TypeScript JSX", 0, 0, 0, 0, 0, 0, 0, 0, 0, 0, 0, 0, 0, 0, 35, 0, 0, 5, 40
"e:\WorkSpace\other\ragData\micro-index\source\pages\index\container\TrialGuide\ExperienceRobot\index.less", "Less", 0, 0, 0, 0, 0, 0, 0, 0, 0, 0, 0, 0, 36, 0, 0, 0, 0, 7, 43
"e:\WorkSpace\other\ragData\micro-index\source\pages\index\container\TrialGuide\ExperienceRobot\index.tsx", "TypeScript JSX", 0, 0, 0, 0, 0, 0, 0, 0, 0, 0, 0, 0, 0, 0, 83, 0, 0, 11, 94
"e:\WorkSpace\other\ragData\micro-index\source\pages\index\container\TrialGuide\ExperienceSession\index.less", "Less", 0, 0, 0, 0, 0, 0, 0, 0, 0, 0, 0, 0, 3, 0, 0, 0, 0, 1, 4
"e:\WorkSpace\other\ragData\micro-index\source\pages\index\container\TrialGuide\ExperienceSession\index.tsx", "TypeScript JSX", 0, 0, 0, 0, 0, 0, 0, 0, 0, 0, 0, 0, 0, 0, 47, 0, 0, 7, 54
"e:\WorkSpace\other\ragData\micro-index\source\pages\index\container\TrialGuide\MoreCC\index.less", "Less", 0, 0, 0, 0, 0, 0, 0, 0, 0, 0, 0, 0, 4, 0, 0, 0, 0, 1, 5
"e:\WorkSpace\other\ragData\micro-index\source\pages\index\container\TrialGuide\MoreCC\index.tsx", "TypeScript JSX", 0, 0, 0, 0, 0, 0, 0, 0, 0, 0, 0, 0, 0, 0, 68, 0, 0, 8, 76
"e:\WorkSpace\other\ragData\micro-index\source\pages\index\container\TrialGuide\MoreOnline\index.less", "Less", 0, 0, 0, 0, 0, 0, 0, 0, 0, 0, 0, 0, 4, 0, 0, 0, 0, 1, 5
"e:\WorkSpace\other\ragData\micro-index\source\pages\index\container\TrialGuide\MoreOnline\index.tsx", "TypeScript JSX", 0, 0, 0, 0, 0, 0, 0, 0, 0, 0, 0, 0, 0, 0, 59, 0, 0, 8, 67
"e:\WorkSpace\other\ragData\micro-index\source\pages\index\container\TrialGuide\MoreRobot\index.less", "Less", 0, 0, 0, 0, 0, 0, 0, 0, 0, 0, 0, 0, 4, 0, 0, 0, 0, 1, 5
"e:\WorkSpace\other\ragData\micro-index\source\pages\index\container\TrialGuide\MoreRobot\index.tsx", "TypeScript JSX", 0, 0, 0, 0, 0, 0, 0, 0, 0, 0, 0, 0, 0, 0, 59, 0, 0, 8, 67
"e:\WorkSpace\other\ragData\micro-index\source\pages\index\container\TrialGuide\index.less", "Less", 0, 0, 0, 0, 0, 0, 0, 0, 0, 0, 0, 0, 52, 0, 0, 0, 1, 9, 62
"e:\WorkSpace\other\ragData\micro-index\source\pages\index\container\TrialGuide\index.tsx", "TypeScript JSX", 0, 0, 0, 0, 0, 0, 0, 0, 0, 0, 0, 0, 0, 0, 385, 0, 9, 25, 419
"e:\WorkSpace\other\ragData\micro-index\source\pages\index\entry.js", "JavaScript", 26, 0, 0, 0, 0, 0, 0, 0, 0, 0, 0, 0, 0, 0, 0, 0, 5, 6, 37
"e:\WorkSpace\other\ragData\micro-index\source\pages\index\index.js", "JavaScript", 5, 0, 0, 0, 0, 0, 0, 0, 0, 0, 0, 0, 0, 0, 0, 0, 0, 2, 7
"e:\WorkSpace\other\ragData\micro-index\source\pages\index\qxy\components\VideoList\index.less", "Less", 0, 0, 0, 0, 0, 0, 0, 0, 0, 0, 0, 0, 70, 0, 0, 0, 0, 10, 80
"e:\WorkSpace\other\ragData\micro-index\source\pages\index\qxy\components\VideoList\index.tsx", "TypeScript JSX", 0, 0, 0, 0, 0, 0, 0, 0, 0, 0, 0, 0, 0, 0, 43, 0, 0, 6, 49
"e:\WorkSpace\other\ragData\micro-index\source\pages\index\qxy\components\VideoModal\index.less", "Less", 0, 0, 0, 0, 0, 0, 0, 0, 0, 0, 0, 0, 54, 0, 0, 0, 1, 7, 62
"e:\WorkSpace\other\ragData\micro-index\source\pages\index\qxy\components\VideoModal\index.tsx", "TypeScript JSX", 0, 0, 0, 0, 0, 0, 0, 0, 0, 0, 0, 0, 0, 0, 42, 0, 0, 7, 49
"e:\WorkSpace\other\ragData\micro-index\source\pages\index\qxy\data\course.json", "JSON", 0, 1122, 0, 0, 0, 0, 0, 0, 0, 0, 0, 0, 0, 0, 0, 0, 0, 0, 1122
"e:\WorkSpace\other\ragData\micro-index\source\pages\index\qxy\index.less", "Less", 0, 0, 0, 0, 0, 0, 0, 0, 0, 0, 0, 0, 86, 0, 0, 0, 1, 16, 103
"e:\WorkSpace\other\ragData\micro-index\source\pages\index\qxy\index.tsx", "TypeScript JSX", 0, 0, 0, 0, 0, 0, 0, 0, 0, 0, 0, 0, 0, 0, 88, 0, 1, 11, 100
"e:\WorkSpace\other\ragData\micro-index\source\pages\index\qxy\store\index.ts", "TypeScript", 0, 0, 0, 0, 0, 0, 0, 0, 0, 46, 0, 0, 0, 0, 0, 0, 0, 6, 52
"e:\WorkSpace\other\ragData\micro-index\source\pages\index\reducers\initialState.js", "JavaScript", 9, 0, 0, 0, 0, 0, 0, 0, 0, 0, 0, 0, 0, 0, 0, 0, 4, 1, 14
"e:\WorkSpace\other\ragData\micro-index\source\pages\index\reducers\reducer.js", "JavaScript", 51, 0, 0, 0, 0, 0, 0, 0, 0, 0, 0, 0, 0, 0, 0, 0, 0, 9, 60
"e:\WorkSpace\other\ragData\micro-index\source\pages\index\reducers\rootReducer.js", "JavaScript", 10, 0, 0, 0, 0, 0, 0, 0, 0, 0, 0, 0, 0, 0, 0, 0, 0, 3, 13
"e:\WorkSpace\other\ragData\micro-index\source\pages\index\routes.js", "JavaScript", 46, 0, 0, 0, 0, 0, 0, 0, 0, 0, 0, 0, 0, 0, 0, 0, 1, 4, 51
"e:\WorkSpace\other\ragData\micro-index\source\pages\index\services.js", "JavaScript", 50, 0, 0, 0, 0, 0, 0, 0, 0, 0, 0, 0, 0, 0, 0, 0, 0, 4, 54
"e:\WorkSpace\other\ragData\micro-index\source\pages\index\view.js", "JavaScript", 13, 0, 0, 0, 0, 0, 0, 0, 0, 0, 0, 0, 0, 0, 0, 0, 0, 4, 17
"e:\WorkSpace\other\ragData\micro-index\source\reducers\initialState.js", "JavaScript", 11, 0, 0, 0, 0, 0, 0, 0, 0, 0, 0, 0, 0, 0, 0, 0, 7, 2, 20
"e:\WorkSpace\other\ragData\micro-index\source\reducers\reducer.js", "JavaScript", 12, 0, 0, 0, 0, 0, 0, 0, 0, 0, 0, 0, 0, 0, 0, 0, 2, 2, 16
"e:\WorkSpace\other\ragData\micro-index\source\store\configureStore.dev.js", "JavaScript", 16, 0, 0, 0, 0, 0, 0, 0, 0, 0, 0, 0, 0, 0, 0, 0, 8, 6, 30
"e:\WorkSpace\other\ragData\micro-index\source\store\configureStore.js", "JavaScript", 5, 0, 0, 0, 0, 0, 0, 0, 0, 0, 0, 0, 0, 0, 0, 0, 0, 1, 6
"e:\WorkSpace\other\ragData\micro-index\source\store\configureStore.prod.js", "JavaScript", 10, 0, 0, 0, 0, 0, 0, 0, 0, 0, 0, 0, 0, 0, 0, 0, 0, 2, 12
"e:\WorkSpace\other\ragData\micro-index\source\typings\index.d.ts", "TypeScript", 0, 0, 0, 0, 0, 0, 0, 0, 0, 7, 0, 0, 0, 0, 0, 0, 0, 1, 8
"e:\WorkSpace\other\ragData\micro-index\source\utils\DevTools.js", "JavaScript", 9, 0, 0, 0, 0, 0, 0, 0, 0, 0, 0, 0, 0, 0, 0, 0, 1, 2, 12
"e:\WorkSpace\other\ragData\micro-index\source\utils\ajax.js", "JavaScript", 124, 0, 0, 0, 0, 0, 0, 0, 0, 0, 0, 0, 0, 0, 0, 0, 27, 8, 159
"e:\WorkSpace\other\ragData\micro-index\source\utils\cli.js", "JavaScript", 80, 0, 0, 0, 0, 0, 0, 0, 0, 0, 0, 0, 0, 0, 0, 0, 23, 9, 112
"e:\WorkSpace\other\ragData\micro-index\source\utils\getWindowVar.js", "JavaScript", 90, 0, 0, 0, 0, 0, 0, 0, 0, 0, 0, 0, 0, 0, 0, 0, 39, 20, 149
"e:\WorkSpace\other\ragData\micro-index\source\utils\iframeWrapper.js", "JavaScript", 67, 0, 0, 0, 0, 0, 0, 0, 0, 0, 0, 0, 0, 0, 0, 0, 44, 8, 119
"e:\WorkSpace\other\ragData\micro-index\source\utils\index.js", "JavaScript", 31, 0, 0, 0, 0, 0, 0, 0, 0, 0, 0, 0, 0, 0, 0, 0, 6, 2, 39
"e:\WorkSpace\other\ragData\micro-index\source\utils\publicPath.js", "JavaScript", 52, 0, 0, 0, 0, 0, 0, 0, 0, 0, 0, 0, 0, 0, 0, 0, 28, 9, 89
"e:\WorkSpace\other\ragData\micro-index\source\utils\type2type.js", "JavaScript", 26, 0, 0, 0, 0, 0, 0, 0, 0, 0, 0, 0, 0, 0, 0, 0, 21, 7, 54
"e:\WorkSpace\other\ragData\micro-index\source\utils\webpackPublicPath.js", "JavaScript", 5, 0, 0, 0, 0, 0, 0, 0, 0, 0, 0, 0, 0, 0, 0, 0, 4, 2, 11
"e:\WorkSpace\other\ragData\micro-index\source\vendor\js\lib\napm-web-min-1.1.6.js", "JavaScript", 1, 0, 0, 0, 0, 0, 0, 0, 0, 0, 0, 0, 0, 0, 0, 0, 0, 0, 1
"e:\WorkSpace\other\ragData\micro-index\src\main\filters\filter-debug-env.properties", "Java Properties", 0, 0, 0, 0, 0, 0, 0, 0, 0, 0, 0, 6, 0, 0, 0, 0, 0, 1, 7
"e:\WorkSpace\other\ragData\micro-index\src\main\filters\filter-gray-env.properties", "Java Properties", 0, 0, 0, 0, 0, 0, 0, 0, 0, 0, 0, 7, 0, 0, 0, 0, 0, 2, 9
"e:\WorkSpace\other\ragData\micro-index\src\main\filters\filter-gray-jd-env.properties", "Java Properties", 0, 0, 0, 0, 0, 0, 0, 0, 0, 0, 0, 7, 0, 0, 0, 0, 0, 1, 8
"e:\WorkSpace\other\ragData\micro-index\src\main\filters\filter-image-env.properties", "Java Properties", 0, 0, 0, 0, 0, 0, 0, 0, 0, 0, 0, 9, 0, 0, 0, 0, 0, 1, 10
"e:\WorkSpace\other\ragData\micro-index\src\main\filters\filter-online-env.properties", "Java Properties", 0, 0, 0, 0, 0, 0, 0, 0, 0, 0, 0, 5, 0, 0, 0, 0, 0, 1, 6
"e:\WorkSpace\other\ragData\micro-index\src\main\filters\filter-online-jd-env.properties", "Java Properties", 0, 0, 0, 0, 0, 0, 0, 0, 0, 0, 0, 7, 0, 0, 0, 0, 0, 1, 8
"e:\WorkSpace\other\ragData\micro-index\src\main\filters\filter-online-sg-env.properties", "Java Properties", 0, 0, 0, 0, 0, 0, 0, 0, 0, 0, 0, 7, 0, 0, 0, 0, 0, 1, 8
"e:\WorkSpace\other\ragData\micro-index\src\main\filters\filter-perftest-env.properties", "Java Properties", 0, 0, 0, 0, 0, 0, 0, 0, 0, 0, 0, 6, 0, 0, 0, 0, 0, 1, 7
"e:\WorkSpace\other\ragData\micro-index\src\main\filters\filter-release-env.properties", "Java Properties", 0, 0, 0, 0, 0, 0, 0, 0, 0, 0, 0, 6, 0, 0, 0, 0, 0, 1, 7
"e:\WorkSpace\other\ragData\micro-index\src\main\filters\filter-release-gray-env.properties", "Java Properties", 0, 0, 0, 0, 0, 0, 0, 0, 0, 0, 0, 6, 0, 0, 0, 0, 0, 1, 7
"e:\WorkSpace\other\ragData\micro-index\src\main\filters\filter-release-gray-jd-env.properties", "Java Properties", 0, 0, 0, 0, 0, 0, 0, 0, 0, 0, 0, 5, 0, 0, 0, 0, 0, 1, 6
"e:\WorkSpace\other\ragData\micro-index\src\main\filters\filter-release-jd-env.properties", "Java Properties", 0, 0, 0, 0, 0, 0, 0, 0, 0, 0, 0, 5, 0, 0, 0, 0, 0, 1, 6
"e:\WorkSpace\other\ragData\micro-index\src\main\filters\filter-testing-env.properties", "Java Properties", 0, 0, 0, 0, 0, 0, 0, 0, 0, 0, 0, 6, 0, 0, 0, 0, 0, 1, 7
"e:\WorkSpace\other\ragData\micro-index\src\main\java\com\netease\ysf\device\dao\FirstGuideStatusDao.java", "Java", 0, 0, 0, 0, 0, 0, 0, 0, 0, 0, 0, 0, 0, 22, 0, 0, 0, 8, 30
"e:\WorkSpace\other\ragData\micro-index\src\main\java\com\netease\ysf\device\model\FirstGuideStatusRO.java", "Java", 0, 0, 0, 0, 0, 0, 0, 0, 0, 0, 0, 0, 0, 35, 0, 0, 0, 14, 49
"e:\WorkSpace\other\ragData\micro-index\src\main\java\com\netease\ysf\micro\index\MicroIndexMain.java", "Java", 0, 0, 0, 0, 0, 0, 0, 0, 0, 0, 0, 0, 0, 40, 0, 0, 0, 4, 44
"e:\WorkSpace\other\ragData\micro-index\src\main\java\com\netease\ysf\micro\index\cdn\NosCdnUpload.java", "Java", 0, 0, 0, 0, 0, 0, 0, 0, 0, 0, 0, 0, 0, 167, 0, 0, 5, 43, 215
"e:\WorkSpace\other\ragData\micro-index\src\main\java\com\netease\ysf\micro\index\config\WebMvcConfig.java", "Java", 0, 0, 0, 0, 0, 0, 0, 0, 0, 0, 0, 0, 0, 42, 0, 0, 0, 9, 51
"e:\WorkSpace\other\ragData\micro-index\src\main\java\com\netease\ysf\micro\index\controller\PageFrameController.java", "Java", 0, 0, 0, 0, 0, 0, 0, 0, 0, 0, 0, 0, 0, 228, 0, 0, 12, 20, 260
"e:\WorkSpace\other\ragData\micro-index\src\main\java\com\netease\ysf\micro\index\controller\PageLegacyController.java", "Java", 0, 0, 0, 0, 0, 0, 0, 0, 0, 0, 0, 0, 0, 28, 0, 0, 3, 5, 36
"e:\WorkSpace\other\ragData\micro-index\src\main\java\com\netease\ysf\micro\index\instance\InstanceController.java", "Java", 0, 0, 0, 0, 0, 0, 0, 0, 0, 0, 0, 0, 0, 69, 0, 0, 4, 20, 93
"e:\WorkSpace\other\ragData\micro-index\src\main\java\com\netease\ysf\micro\index\intercepter\ForceHttpsInterceptor.java", "Java", 0, 0, 0, 0, 0, 0, 0, 0, 0, 0, 0, 0, 0, 70, 0, 0, 3, 9, 82
"e:\WorkSpace\other\ragData\micro-index\src\main\java\com\netease\ysf\micro\index\intercepter\OperateLoggingInterceptor.java", "Java", 0, 0, 0, 0, 0, 0, 0, 0, 0, 0, 0, 0, 0, 385, 0, 0, 21, 12, 418
"e:\WorkSpace\other\ragData\micro-index\src\main\java\com\netease\ysf\micro\index\intercepter\PageRightCheckInterceptor.java", "Java", 0, 0, 0, 0, 0, 0, 0, 0, 0, 0, 0, 0, 0, 188, 0, 0, 13, 33, 234
"e:\WorkSpace\other\ragData\micro-index\src\main\java\com\netease\ysf\micro\index\intercepter\SessionCheckInterceptor.java", "Java", 0, 0, 0, 0, 0, 0, 0, 0, 0, 0, 0, 0, 0, 576, 0, 0, 48, 63, 687
"e:\WorkSpace\other\ragData\micro-index\src\main\java\com\netease\ysf\micro\index\intercepter\WebInterceptor.java", "Java", 0, 0, 0, 0, 0, 0, 0, 0, 0, 0, 0, 0, 0, 181, 0, 0, 19, 17, 217
"e:\WorkSpace\other\ragData\micro-index\src\main\java\com\netease\ysf\micro\index\model\AppInfo.java", "Java", 0, 0, 0, 0, 0, 0, 0, 0, 0, 0, 0, 0, 0, 3, 0, 0, 0, 2, 5
"e:\WorkSpace\other\ragData\micro-index\src\main\java\com\netease\ysf\micro\index\model\BaseInfo.java", "Java", 0, 0, 0, 0, 0, 0, 0, 0, 0, 0, 0, 0, 0, 15, 0, 0, 0, 4, 19
"e:\WorkSpace\other\ragData\micro-index\src\main\java\com\netease\ysf\micro\index\nos\Nos.java", "Java", 0, 0, 0, 0, 0, 0, 0, 0, 0, 0, 0, 0, 0, 78, 0, 0, 9, 14, 101
"e:\WorkSpace\other\ragData\micro-index\src\main\resources\application.yml", "YAML", 0, 0, 84, 0, 0, 0, 0, 0, 0, 0, 0, 0, 0, 0, 0, 0, 0, 3, 87
"e:\WorkSpace\other\ragData\micro-index\src\main\resources\config\eureka_custom.properties", "Java Properties", 0, 0, 0, 0, 0, 0, 0, 0, 0, 0, 0, 3, 0, 0, 0, 0, 0, 1, 4
"e:\WorkSpace\other\ragData\micro-index\src\main\resources\config\microindex.properties", "Java Properties", 0, 0, 0, 0, 0, 0, 0, 0, 0, 0, 0, 18, 0, 0, 0, 0, 1, 1, 20
"e:\WorkSpace\other\ragData\micro-index\src\main\resources\config\napm-agent.properties", "Java Properties", 0, 0, 0, 0, 0, 0, 0, 0, 0, 0, 0, 3, 0, 0, 0, 0, 5, 3, 11
"e:\WorkSpace\other\ragData\micro-index\src\main\resources\config\qiyu-bootstrap.properties", "Java Properties", 0, 0, 0, 0, 0, 0, 0, 0, 0, 0, 0, 12, 0, 0, 0, 0, 2, 2, 16
"e:\WorkSpace\other\ragData\micro-index\src\main\resources\config\res.properties", "Java Properties", 0, 0, 0, 0, 0, 0, 0, 0, 0, 0, 0, 1, 0, 0, 0, 0, 0, 1, 2
"e:\WorkSpace\other\ragData\micro-index\src\main\resources\config\spring-dubbo-micro-index.xml", "XML", 0, 0, 0, 11, 0, 0, 0, 0, 0, 0, 0, 0, 0, 0, 0, 0, 0, 2, 13
"e:\WorkSpace\other\ragData\micro-index\src\main\resources\config\version.properties", "Java Properties", 0, 0, 0, 0, 0, 0, 0, 0, 0, 0, 0, 5, 0, 0, 0, 0, 0, 0, 5
"e:\WorkSpace\other\ragData\micro-index\src\main\resources\log4j2.xml", "XML", 0, 0, 0, 101, 0, 0, 0, 0, 0, 0, 0, 0, 0, 0, 0, 0, 14, 10, 125
"e:\WorkSpace\other\ragData\micro-index\src\main\resources\mapper\FirstGuideStatusMapper.xml", "XML", 0, 0, 0, 28, 0, 0, 0, 0, 0, 0, 0, 0, 0, 0, 0, 0, 0, 7, 35
"e:\WorkSpace\other\ragData\micro-index\src\main\resources\sentry-javaagent-home\javaMethod.xml", "XML", 0, 0, 0, 3, 0, 0, 0, 0, 0, 0, 0, 0, 0, 0, 0, 0, 0, 1, 4
"e:\WorkSpace\other\ragData\micro-index\src\main\resources\sentry-javaagent-home\sentry.properties", "Java Properties", 0, 0, 0, 0, 0, 0, 0, 0, 0, 0, 0, 2, 0, 0, 0, 0, 20, 11, 33
"e:\WorkSpace\other\ragData\micro-index\src\main\resources\sentry-javaagent-home\url.xml", "XML", 0, 0, 0, 3, 0, 0, 0, 0, 0, 0, 0, 0, 0, 0, 0, 0, 3, 1, 7
"e:\WorkSpace\other\ragData\micro-index\src\main\resources\static\index.html", "HTML", 0, 0, 0, 0, 0, 0, 0, 0, 0, 0, 10, 0, 0, 0, 0, 0, 0, 1, 11
"e:\WorkSpace\other\ragData\micro-index\tools\SubmoduleReferencedStatisticsPlugin\contents\icons.svg", "XML", 0, 0, 0, 1, 0, 0, 0, 0, 0, 0, 0, 0, 0, 0, 0, 0, 0, 0, 1
"e:\WorkSpace\other\ragData\micro-index\tools\SubmoduleReferencedStatisticsPlugin\contents\jsonTree.css", "CSS", 0, 0, 0, 0, 0, 0, 0, 0, 90, 0, 0, 0, 0, 0, 0, 0, 15, 7, 112
"e:\WorkSpace\other\ragData\micro-index\tools\SubmoduleReferencedStatisticsPlugin\contents\jsonTree.js", "JavaScript", 391, 0, 0, 0, 0, 0, 0, 0, 0, 0, 0, 0, 0, 0, 0, 0, 314, 107, 812
"e:\WorkSpace\other\ragData\micro-index\tools\SubmoduleReferencedStatisticsPlugin\contents\recorder.css", "CSS", 0, 0, 0, 0, 0, 0, 0, 0, 90, 0, 0, 0, 0, 0, 0, 0, 1, 22, 113
"e:\WorkSpace\other\ragData\micro-index\tools\SubmoduleReferencedStatisticsPlugin\contents\recorder.html", "HTML", 0, 0, 0, 0, 0, 0, 0, 0, 0, 0, 16, 0, 0, 0, 0, 0, 3, 1, 20
"e:\WorkSpace\other\ragData\micro-index\tools\SubmoduleReferencedStatisticsPlugin\contents\recorder.js", "JavaScript", 82, 0, 0, 0, 0, 0, 0, 0, 0, 0, 0, 0, 0, 0, 0, 0, 6, 10, 98
"e:\WorkSpace\other\ragData\micro-index\tools\SubmoduleReferencedStatisticsPlugin\contents\recorderServer.js", "JavaScript", 19, 0, 0, 0, 0, 0, 0, 0, 0, 0, 0, 0, 0, 0, 0, 0, 0, 4, 23
"e:\WorkSpace\other\ragData\micro-index\tools\SubmoduleReferencedStatisticsPlugin\index.js", "JavaScript", 124, 0, 0, 0, 0, 0, 0, 0, 0, 0, 0, 0, 0, 0, 0, 0, 22, 17, 163
"e:\WorkSpace\other\ragData\micro-index\tools\analyzeBundle.js", "JavaScript", 12, 0, 0, 0, 0, 0, 0, 0, 0, 0, 0, 0, 0, 0, 0, 0, 0, 6, 18
"e:\WorkSpace\other\ragData\micro-index\tools\assetsTransformer.js", "JavaScript", 6, 0, 0, 0, 0, 0, 0, 0, 0, 0, 0, 0, 0, 0, 0, 0, 7, 2, 15
"e:\WorkSpace\other\ragData\micro-index\tools\build.dll.js", "JavaScript", 84, 0, 0, 0, 0, 0, 0, 0, 0, 0, 0, 0, 0, 0, 0, 0, 13, 16, 113
"e:\WorkSpace\other\ragData\micro-index\tools\build.js", "JavaScript", 72, 0, 0, 0, 0, 0, 0, 0, 0, 0, 0, 0, 0, 0, 0, 0, 11, 14, 97
"e:\WorkSpace\other\ragData\micro-index\tools\chalkConfig.js", "JavaScript", 5, 0, 0, 0, 0, 0, 0, 0, 0, 0, 0, 0, 0, 0, 0, 0, 1, 1, 7
"e:\WorkSpace\other\ragData\micro-index\tools\config.d.ts", "TypeScript", 0, 0, 0, 0, 0, 0, 0, 0, 0, 81, 0, 0, 0, 0, 0, 0, 91, 11, 183
"e:\WorkSpace\other\ragData\micro-index\tools\distServer.js", "JavaScript", 50, 0, 0, 0, 0, 0, 0, 0, 0, 0, 0, 0, 0, 0, 0, 0, 4, 10, 64
"e:\WorkSpace\other\ragData\micro-index\tools\helps.js", "JavaScript", 275, 0, 0, 0, 0, 0, 0, 0, 0, 0, 0, 0, 0, 0, 0, 0, 56, 35, 366
"e:\WorkSpace\other\ragData\micro-index\tools\loader\debug-loader.js", "JavaScript", 12, 0, 0, 0, 0, 0, 0, 0, 0, 0, 0, 0, 0, 0, 0, 0, 0, 5, 17
"e:\WorkSpace\other\ragData\micro-index\tools\loader\freemarker-Readme.md", "Markdown", 0, 0, 0, 0, 60, 0, 0, 0, 0, 0, 0, 0, 0, 0, 0, 0, 0, 29, 89
"e:\WorkSpace\other\ragData\micro-index\tools\loader\ftl-loader-prod.js", "JavaScript", 8, 0, 0, 0, 0, 0, 0, 0, 0, 0, 0, 0, 0, 0, 0, 0, 0, 3, 11
"e:\WorkSpace\other\ragData\micro-index\tools\loader\ftl-loader.js", "JavaScript", 51, 0, 0, 0, 0, 0, 0, 0, 0, 0, 0, 0, 0, 0, 0, 0, 3, 10, 64
"e:\WorkSpace\other\ragData\micro-index\tools\mock.js", "JavaScript", 38, 0, 0, 0, 0, 0, 0, 0, 0, 0, 0, 0, 0, 0, 0, 0, 5, 5, 48
"e:\WorkSpace\other\ragData\micro-index\tools\neiPatch.js", "JavaScript", 59, 0, 0, 0, 0, 0, 0, 0, 0, 0, 0, 0, 0, 0, 0, 0, 4, 4, 67
"e:\WorkSpace\other\ragData\micro-index\tools\srcServer.js", "JavaScript", 187, 0, 0, 0, 0, 0, 0, 0, 0, 0, 0, 0, 0, 0, 0, 0, 47, 21, 255
"e:\WorkSpace\other\ragData\micro-index\tools\startMessage.js", "JavaScript", 2, 0, 0, 0, 0, 0, 0, 0, 0, 0, 0, 0, 0, 0, 0, 0, 1, 3, 6
"e:\WorkSpace\other\ragData\micro-index\tools\testCi.js", "JavaScript", 12, 0, 0, 0, 0, 0, 0, 0, 0, 0, 0, 0, 0, 0, 0, 0, 1, 4, 17
"e:\WorkSpace\other\ragData\micro-index\tsconfig.json", "JSON with Comments", 0, 0, 0, 0, 0, 40, 0, 0, 0, 0, 0, 0, 0, 0, 0, 0, 0, 1, 41
"e:\WorkSpace\other\ragData\micro-index\webpack.config.dev.js", "JavaScript", 109, 0, 0, 0, 0, 0, 0, 0, 0, 0, 0, 0, 0, 0, 0, 0, 59, 15, 183
"e:\WorkSpace\other\ragData\micro-index\webpack.config.prod.js", "JavaScript", 125, 0, 0, 0, 0, 0, 0, 0, 0, 0, 0, 0, 0, 0, 0, 0, 71, 15, 211
"e:\WorkSpace\other\ragData\micro-index\webpack.merged.dev.dll.js", "JavaScript", 138, 0, 0, 0, 0, 0, 0, 0, 0, 0, 0, 0, 0, 0, 0, 0, 9, 10, 157
"e:\WorkSpace\other\ragData\micro-index\webpack.merged.dev.js", "JavaScript", 229, 0, 0, 0, 0, 0, 0, 0, 0, 0, 0, 0, 0, 0, 0, 0, 20, 24, 273
"e:\WorkSpace\other\ragData\micro-index\webpack.merged.prod.js", "JavaScript", 254, 0, 0, 0, 0, 0, 0, 0, 0, 0, 0, 0, 0, 0, 0, 0, 27, 23, 304
"Total", "-", 5120, 39892, 86, 1228, 239, 40, 11, 5, 2020, 134, 26, 126, 1555, 2127, 1267, 242, 1558, 2389, 58065