{"file:///e%3A/WorkSpace/Netease/theaiarchitect/FrontAIArchitect/CodeGraph/micro-index/tools/testCi.js":{"language":"JavaScript","code":12,"comment":1,"blank":4},"file:///e%3A/WorkSpace/Netease/theaiarchitect/FrontAIArchitect/CodeGraph/micro-index/tools/SubmoduleReferencedStatisticsPlugin/index.js":{"language":"JavaScript","code":124,"comment":22,"blank":17},"file:///e%3A/WorkSpace/Netease/theaiarchitect/FrontAIArchitect/CodeGraph/micro-index/tools/startMessage.js":{"language":"JavaScript","code":2,"comment":1,"blank":3},"file:///e%3A/WorkSpace/Netease/theaiarchitect/FrontAIArchitect/CodeGraph/micro-index/tools/SubmoduleReferencedStatisticsPlugin/contents/recorderServer.js":{"language":"JavaScript","code":19,"comment":0,"blank":4},"file:///e%3A/WorkSpace/Netease/theaiarchitect/FrontAIArchitect/CodeGraph/micro-index/tools/SubmoduleReferencedStatisticsPlugin/contents/recorder.html":{"language":"HTML","code":16,"comment":3,"blank":1},"file:///e%3A/WorkSpace/Netease/theaiarchitect/FrontAIArchitect/CodeGraph/micro-index/tools/SubmoduleReferencedStatisticsPlugin/contents/recorder.js":{"language":"JavaScript","code":82,"comment":6,"blank":10},"file:///e%3A/WorkSpace/Netease/theaiarchitect/FrontAIArchitect/CodeGraph/micro-index/tools/SubmoduleReferencedStatisticsPlugin/contents/recorder.css":{"language":"PostCSS","code":90,"comment":1,"blank":22},"file:///e%3A/WorkSpace/Netease/theaiarchitect/FrontAIArchitect/CodeGraph/micro-index/tools/SubmoduleReferencedStatisticsPlugin/contents/jsonTree.js":{"language":"JavaScript","code":391,"comment":314,"blank":107},"file:///e%3A/WorkSpace/Netease/theaiarchitect/FrontAIArchitect/CodeGraph/micro-index/tools/SubmoduleReferencedStatisticsPlugin/contents/jsonTree.css":{"language":"PostCSS","code":90,"comment":15,"blank":7},"file:///e%3A/WorkSpace/Netease/theaiarchitect/FrontAIArchitect/CodeGraph/micro-index/tools/SubmoduleReferencedStatisticsPlugin/contents/icons.svg":{"language":"XML","code":1,"comment":0,"blank":0},"file:///e%3A/WorkSpace/Netease/theaiarchitect/FrontAIArchitect/CodeGraph/micro-index/tools/srcServer.js":{"language":"JavaScript","code":187,"comment":47,"blank":21},"file:///e%3A/WorkSpace/Netease/theaiarchitect/FrontAIArchitect/CodeGraph/micro-index/tools/neiPatch.js":{"language":"JavaScript","code":59,"comment":4,"blank":4},"file:///e%3A/WorkSpace/Netease/theaiarchitect/FrontAIArchitect/CodeGraph/micro-index/tools/mock.js":{"language":"JavaScript","code":38,"comment":5,"blank":5},"file:///e%3A/WorkSpace/Netease/theaiarchitect/FrontAIArchitect/CodeGraph/micro-index/tools/loader/ftl-loader.js":{"language":"JavaScript","code":51,"comment":3,"blank":10},"file:///e%3A/WorkSpace/Netease/theaiarchitect/FrontAIArchitect/CodeGraph/micro-index/tools/loader/freemarker-Readme.md":{"language":"Markdown","code":60,"comment":0,"blank":29},"file:///e%3A/WorkSpace/Netease/theaiarchitect/FrontAIArchitect/CodeGraph/micro-index/tools/loader/ftl-loader-prod.js":{"language":"JavaScript","code":8,"comment":0,"blank":3},"file:///e%3A/WorkSpace/Netease/theaiarchitect/FrontAIArchitect/CodeGraph/micro-index/tools/helps.js":{"language":"JavaScript","code":275,"comment":56,"blank":35},"file:///e%3A/WorkSpace/Netease/theaiarchitect/FrontAIArchitect/CodeGraph/micro-index/tools/loader/debug-loader.js":{"language":"JavaScript","code":12,"comment":0,"blank":5},"file:///e%3A/WorkSpace/Netease/theaiarchitect/FrontAIArchitect/CodeGraph/micro-index/tools/config.d.ts":{"language":"TypeScript","code":81,"comment":91,"blank":11},"file:///e%3A/WorkSpace/Netease/theaiarchitect/FrontAIArchitect/CodeGraph/micro-index/tools/distServer.js":{"language":"JavaScript","code":50,"comment":4,"blank":10},"file:///e%3A/WorkSpace/Netease/theaiarchitect/FrontAIArchitect/CodeGraph/micro-index/tools/chalkConfig.js":{"language":"JavaScript","code":5,"comment":1,"blank":1},"file:///e%3A/WorkSpace/Netease/theaiarchitect/FrontAIArchitect/CodeGraph/micro-index/tools/build.js":{"language":"JavaScript","code":72,"comment":11,"blank":14},"file:///e%3A/WorkSpace/Netease/theaiarchitect/FrontAIArchitect/CodeGraph/micro-index/tools/build.dll.js":{"language":"JavaScript","code":84,"comment":13,"blank":16},"file:///e%3A/WorkSpace/Netease/theaiarchitect/FrontAIArchitect/CodeGraph/micro-index/tools/assetsTransformer.js":{"language":"JavaScript","code":6,"comment":7,"blank":2},"file:///e%3A/WorkSpace/Netease/theaiarchitect/FrontAIArchitect/CodeGraph/micro-index/tools/analyzeBundle.js":{"language":"JavaScript","code":12,"comment":0,"blank":6}}