"filename", "language", "JavaScript", "HTML", "PostCSS", "XML", "Markdown", "TypeScript", "comment", "blank", "total"
"e:\WorkSpace\Netease\theaiarchitect\FrontAIArchitect\CodeGraph\micro-index\tools\SubmoduleReferencedStatisticsPlugin\contents\icons.svg", "XML", 0, 0, 0, 1, 0, 0, 0, 0, 1
"e:\WorkSpace\Netease\theaiarchitect\FrontAIArchitect\CodeGraph\micro-index\tools\SubmoduleReferencedStatisticsPlugin\contents\jsonTree.css", "PostCSS", 0, 0, 90, 0, 0, 0, 15, 7, 112
"e:\WorkSpace\Netease\theaiarchitect\FrontAIArchitect\CodeGraph\micro-index\tools\SubmoduleReferencedStatisticsPlugin\contents\jsonTree.js", "JavaScript", 391, 0, 0, 0, 0, 0, 314, 107, 812
"e:\WorkSpace\Netease\theaiarchitect\FrontAIArchitect\CodeGraph\micro-index\tools\SubmoduleReferencedStatisticsPlugin\contents\recorder.css", "PostCSS", 0, 0, 90, 0, 0, 0, 1, 22, 113
"e:\WorkSpace\Netease\theaiarchitect\FrontAIArchitect\CodeGraph\micro-index\tools\SubmoduleReferencedStatisticsPlugin\contents\recorder.html", "HTML", 0, 16, 0, 0, 0, 0, 3, 1, 20
"e:\WorkSpace\Netease\theaiarchitect\FrontAIArchitect\CodeGraph\micro-index\tools\SubmoduleReferencedStatisticsPlugin\contents\recorder.js", "JavaScript", 82, 0, 0, 0, 0, 0, 6, 10, 98
"e:\WorkSpace\Netease\theaiarchitect\FrontAIArchitect\CodeGraph\micro-index\tools\SubmoduleReferencedStatisticsPlugin\contents\recorderServer.js", "JavaScript", 19, 0, 0, 0, 0, 0, 0, 4, 23
"e:\WorkSpace\Netease\theaiarchitect\FrontAIArchitect\CodeGraph\micro-index\tools\SubmoduleReferencedStatisticsPlugin\index.js", "JavaScript", 124, 0, 0, 0, 0, 0, 22, 17, 163
"e:\WorkSpace\Netease\theaiarchitect\FrontAIArchitect\CodeGraph\micro-index\tools\analyzeBundle.js", "JavaScript", 12, 0, 0, 0, 0, 0, 0, 6, 18
"e:\WorkSpace\Netease\theaiarchitect\FrontAIArchitect\CodeGraph\micro-index\tools\assetsTransformer.js", "JavaScript", 6, 0, 0, 0, 0, 0, 7, 2, 15
"e:\WorkSpace\Netease\theaiarchitect\FrontAIArchitect\CodeGraph\micro-index\tools\build.dll.js", "JavaScript", 84, 0, 0, 0, 0, 0, 13, 16, 113
"e:\WorkSpace\Netease\theaiarchitect\FrontAIArchitect\CodeGraph\micro-index\tools\build.js", "JavaScript", 72, 0, 0, 0, 0, 0, 11, 14, 97
"e:\WorkSpace\Netease\theaiarchitect\FrontAIArchitect\CodeGraph\micro-index\tools\chalkConfig.js", "JavaScript", 5, 0, 0, 0, 0, 0, 1, 1, 7
"e:\WorkSpace\Netease\theaiarchitect\FrontAIArchitect\CodeGraph\micro-index\tools\config.d.ts", "TypeScript", 0, 0, 0, 0, 0, 81, 91, 11, 183
"e:\WorkSpace\Netease\theaiarchitect\FrontAIArchitect\CodeGraph\micro-index\tools\distServer.js", "JavaScript", 50, 0, 0, 0, 0, 0, 4, 10, 64
"e:\WorkSpace\Netease\theaiarchitect\FrontAIArchitect\CodeGraph\micro-index\tools\helps.js", "JavaScript", 275, 0, 0, 0, 0, 0, 56, 35, 366
"e:\WorkSpace\Netease\theaiarchitect\FrontAIArchitect\CodeGraph\micro-index\tools\loader\debug-loader.js", "JavaScript", 12, 0, 0, 0, 0, 0, 0, 5, 17
"e:\WorkSpace\Netease\theaiarchitect\FrontAIArchitect\CodeGraph\micro-index\tools\loader\freemarker-Readme.md", "Markdown", 0, 0, 0, 0, 60, 0, 0, 29, 89
"e:\WorkSpace\Netease\theaiarchitect\FrontAIArchitect\CodeGraph\micro-index\tools\loader\ftl-loader-prod.js", "JavaScript", 8, 0, 0, 0, 0, 0, 0, 3, 11
"e:\WorkSpace\Netease\theaiarchitect\FrontAIArchitect\CodeGraph\micro-index\tools\loader\ftl-loader.js", "JavaScript", 51, 0, 0, 0, 0, 0, 3, 10, 64
"e:\WorkSpace\Netease\theaiarchitect\FrontAIArchitect\CodeGraph\micro-index\tools\mock.js", "JavaScript", 38, 0, 0, 0, 0, 0, 5, 5, 48
"e:\WorkSpace\Netease\theaiarchitect\FrontAIArchitect\CodeGraph\micro-index\tools\neiPatch.js", "JavaScript", 59, 0, 0, 0, 0, 0, 4, 4, 67
"e:\WorkSpace\Netease\theaiarchitect\FrontAIArchitect\CodeGraph\micro-index\tools\srcServer.js", "JavaScript", 187, 0, 0, 0, 0, 0, 47, 21, 255
"e:\WorkSpace\Netease\theaiarchitect\FrontAIArchitect\CodeGraph\micro-index\tools\startMessage.js", "JavaScript", 2, 0, 0, 0, 0, 0, 1, 3, 6
"e:\WorkSpace\Netease\theaiarchitect\FrontAIArchitect\CodeGraph\micro-index\tools\testCi.js", "JavaScript", 12, 0, 0, 0, 0, 0, 1, 4, 17
"Total", "-", 1489, 16, 180, 1, 60, 81, 605, 347, 2779